Ids,Location1,Location2,Type,Bedrooms,Bathrooms,Size_in_SqYds,Price_in_millions,Built_in_year,Parking_Spaces,Floors_in_Building,Elevators,Store_Rooms,Lobby_in_Building,Double_Glazed_Windows,Central_Air_Conditioning,Central_Heating,Waste_Disposal,Furnished,Service_Elevators_in_Building,Flooring,Electricity_Backup,Servant_Quarters,Study_Room,Prayer_Room,Powder_Room,Gym,Lounge_or_Sitting_Room,Laundry_Room,Business_Center_or_Media_Room_in_Building,Satellite_or_Cable_TV_Ready,Broadband_Internet_Access,Intercom,Conference_Room_in_Building,Community_Swimming_Pool,Community_Lawn_or_Garden,Community_Gym,Community_Center,First_Aid_or_Medical_Centre,Day_Care_center,Kids_Play_Area,Mosque,Barbeque_Area,Lawn_or_Garden,Swimming_Pool,Sauna,Jacuzzi,Nearby_Schools,Nearby_Hospital,Nearby_Shopping_Malls,Nearby_Restaurants,Nearby_Public_Transport_Service,Other_Nearby_Places,Security_Staff,Maintainance_Staff,Laundry_or_Dry_Cleaning_Facility,Facilities_for_Disabled
9,"Bahria Apartments, Bahria Town Karachi",Bahria Town Karachi,Flat,4,4,328,28,,1,,,,0,0,0,0,0,0,0,1,1,0,0,0,0,0,0,0,0,1,1,1,0,0,0,0,0,0,0,0,0,0,0,0,0,0,0,0,0,0,0,0,0,0,0,0
56,"Bahria Apartments, Bahria Town Karachi",Bahria Town Karachi,Flat,2,2,106,8.2,,1,,,,0,0,0,0,0,0,0,1,1,0,0,0,0,0,0,0,1,1,1,0,1,0,0,0,0,0,0,0,0,0,0,0,0,0,0,0,0,0,0,0,0,0,0,0
87,"Bahria Apartments, Bahria Town Karachi",Bahria Town Karachi,Flat,,,106,7.2,,0,,,,0,0,0,0,0,0,0,0,0,0,0,0,0,0,0,0,0,0,0,0,0,0,0,0,0,0,0,0,0,0,0,0,0,0,0,0,0,0,0,0,0,0,0,0
127,"Bahria Apartments, Bahria Town Karachi",Bahria Town Karachi,Flat,3,3,283,24.5,1/1/2020,200,7,1,,0,0,0,0,0,0,0,1,1,1,0,0,0,0,0,0,0,0,0,0,0,0,0,0,0,0,0,0,0,0,0,0,0,0,0,0,0,0,0,0,0,0,0,0
165,"Bahria Apartments, Bahria Town Karachi",Bahria Town Karachi,Flat,3,3,250,17.5,,1,,,,0,0,0,0,0,0,0,1,1,0,0,0,0,0,0,0,0,1,1,1,0,0,0,0,0,0,0,0,0,0,0,0,0,0,0,0,0,0,0,0,0,0,0,0
251,"Bahria Apartments, Bahria Town Karachi",Bahria Town Karachi,Flat,2,2,106,10.3,1/1/2019,200,7,5,,1,1,0,0,1,0,1,1,1,0,0,0,0,0,0,0,0,0,0,0,0,0,0,0,0,0,0,0,0,0,0,0,0,0,0,0,0,0,0,0,0,0,0,0
279,"Bahria Apartments, Bahria Town Karachi",Bahria Town Karachi,Flat,2,2,106,8.5,,0,,,,0,0,0,0,0,0,0,0,0,0,0,0,0,0,0,0,0,0,0,0,0,0,0,0,0,0,0,0,0,0,0,0,0,0,1,1,1,1,1,1,1,0,0,0
311,"Bahria Apartments, Bahria Town Karachi",Bahria Town Karachi,Flat,2,2,106,8,,0,,,,0,0,0,0,0,0,0,0,0,0,0,0,0,0,0,0,0,0,0,0,0,0,0,0,0,0,0,0,0,0,0,0,0,0,1,1,1,1,1,1,0,0,0,0
367,"Bahria Apartments, Bahria Town Karachi",Bahria Town Karachi,Flat,3,3,250,17.5,,1,,,,0,0,0,0,0,0,0,1,1,0,0,0,0,0,0,0,0,1,1,1,0,0,0,0,0,0,0,0,0,0,0,0,0,0,0,0,0,0,0,0,0,0,0,0
33,Bahria Town Karachi,,Flat,1,,,4.5,1/1/2025,0,8,2,,1,0,0,0,1,0,0,1,1,0,0,0,0,0,1,0,0,0,0,0,0,0,0,0,0,0,0,0,0,0,0,0,0,0,0,0,0,0,0,0,0,0,0,0
77,Bahria Town Karachi,Bahria Town Karachi,House,3,4,152,14.5,,1,,,,0,1,1,1,0,0,0,1,1,1,1,1,1,0,0,0,0,0,0,0,0,0,0,0,0,0,0,0,0,0,0,0,0,0,0,0,0,0,0,0,0,0,0,0
149,Bahria Town Karachi,Bahria Town Karachi,Flat,2,2,91,7,,0,8,,,0,0,0,0,0,0,1,1,1,0,0,0,0,0,0,0,0,0,0,0,0,0,0,0,0,0,0,0,0,0,0,0,0,0,1,1,1,1,1,1,0,0,0,0
161,Bahria Town Karachi,Bahria Town Karachi,House,3,3,79,7.12,,0,,,,0,0,0,0,0,0,0,0,0,0,0,0,0,0,0,0,0,0,0,0,0,0,0,0,0,0,0,1,0,0,0,0,0,0,0,0,0,0,0,0,0,0,0,0
166,Bahria Town Karachi,Bahria Town Karachi,House,3,3,125,14.5,,1,,,,0,0,0,0,0,0,0,1,1,0,0,0,0,0,0,0,0,1,1,1,0,0,0,0,0,0,0,0,0,0,0,0,0,0,0,0,0,0,0,0,0,0,0,0
169,Bahria Town Karachi,Bahria Town Karachi,House,3,3,235,15.8,,0,,,,0,0,0,0,1,0,0,1,1,1,1,1,0,1,1,0,0,0,0,0,0,0,1,1,1,1,0,1,1,1,1,0,0,0,1,1,1,1,1,1,0,0,0,0
179,Bahria Town Karachi,Bahria Town Karachi,Flat,2,2,33,2.68,,0,,,,0,0,0,0,0,0,0,0,0,0,0,0,0,0,0,0,0,0,0,0,0,0,0,0,0,0,0,0,0,0,0,0,0,0,0,0,0,0,0,0,0,0,0,0
185,Bahria Town Karachi,Bahria Town Karachi,Flat,2,2,35,2.78,,0,,,,0,0,0,0,0,0,0,0,1,0,0,0,0,0,0,0,0,0,0,0,0,0,0,0,0,0,0,0,0,0,0,0,0,0,0,0,0,0,0,0,0,0,0,0
201,Bahria Town Karachi,Bahria Town Karachi,House,5,6,500,55,,1,,,,0,1,1,1,0,1,0,1,1,1,0,0,0,0,0,0,0,0,0,0,0,0,0,0,0,0,0,0,0,0,0,0,0,0,0,0,0,0,0,0,0,0,0,0
202,Bahria Town Karachi,Bahria Town Karachi,Flat,1,1,60,4.2,,1,,4,,1,1,1,1,0,1,1,1,1,0,0,0,0,0,0,0,0,0,0,0,0,0,0,0,0,0,0,0,0,0,0,0,0,0,0,0,0,0,0,0,0,0,0,0
203,Bahria Town Karachi,Bahria Town Karachi,House,4,4,250,34,,1,,,,0,1,1,1,0,1,0,1,1,0,1,0,0,0,0,0,0,0,0,0,0,0,0,0,0,0,0,0,0,0,0,0,0,0,0,0,0,0,0,0,0,0,0,0
228,Bahria Town Karachi,Bahria Town Karachi,House,4,5,350,19.8,,2,,,,0,1,1,1,0,0,0,1,1,1,1,1,1,0,0,0,0,0,0,0,0,0,0,0,0,0,0,0,0,0,0,0,0,0,0,0,0,0,0,0,0,0,0,0
275,Bahria Town Karachi,Bahria Town Karachi,House,5,5,272,18.5,1/1/2023,0,,,,0,1,1,1,1,0,0,1,1,1,0,0,0,0,0,0,0,0,0,0,0,0,0,0,0,0,0,0,0,0,0,0,0,0,0,0,0,0,0,0,0,0,0,0
280,Bahria Town Karachi,Bahria Town Karachi,House,5,6,272,39.5,1/1/2023,2,,,,0,0,0,0,1,0,0,1,0,0,0,0,0,0,0,0,0,0,0,0,0,0,0,0,0,0,0,0,0,0,0,0,0,0,0,0,0,0,0,0,0,0,0,0
351,Bahria Town Karachi,Bahria Town Karachi,Flat,2,2,94,7,,1,,,,0,0,0,0,0,0,0,1,1,0,0,0,0,0,0,0,0,1,1,1,0,0,0,0,0,0,0,0,0,0,0,0,0,0,0,0,0,0,0,0,0,0,0,0
358,Bahria Town Karachi,,Flat,1,,,8,,0,,,,0,0,0,0,0,0,0,1,1,0,0,0,0,0,0,0,0,0,0,0,0,0,0,0,0,0,0,0,0,0,0,0,0,0,1,1,1,1,1,1,0,0,0,0
436,Bahria Town Karachi,Bahria Town Karachi,Flat,2,2,35,2.78,,0,,,,0,0,0,0,0,0,0,0,1,0,0,0,0,0,0,0,0,0,0,0,0,0,0,0,0,0,0,0,0,0,0,0,0,0,0,0,0,0,0,0,0,0,0,0
453,Bahria Town Karachi,Bahria Town Karachi,Flat,2,2,35,2.78,,0,,,,0,0,0,0,0,0,0,0,0,0,0,0,0,0,0,0,0,0,0,0,0,0,0,0,0,0,0,0,0,0,0,0,0,0,0,0,0,0,0,0,0,0,0,0
481,Bahria Town Karachi,,Flat,1,,,5,,0,,,,0,0,0,0,0,0,0,1,1,0,0,0,0,0,0,0,0,0,0,0,0,0,0,0,0,0,0,0,0,0,0,0,0,0,1,1,1,1,1,1,0,0,0,0
508,Bahria Town Karachi,,Flat,1,,,3,,0,,,,0,0,0,0,0,0,0,1,1,0,0,0,0,0,0,0,0,0,0,0,0,0,0,0,0,0,0,0,0,0,0,0,0,0,1,1,1,1,1,1,0,0,0,0
520,Bahria Town Karachi,Bahria Town Karachi,House,3,4,235,15.5,1/1/2022,0,,,,0,1,1,1,1,0,0,1,1,1,0,0,0,0,1,1,0,1,1,1,0,0,0,0,0,0,0,0,0,0,0,0,0,0,0,0,0,0,0,0,0,0,0,0
523,Bahria Town Karachi,Bahria Town Karachi,House,4,5,350,20.6,1/1/2022,0,,,,0,1,1,1,1,0,0,1,1,1,0,0,1,0,1,1,0,1,1,1,0,0,0,0,0,0,0,0,0,0,0,0,0,0,0,0,0,0,0,0,0,0,0,0
524,Bahria Town Karachi,Bahria Town Karachi,House,4,5,350,21,1/1/2022,0,,,,0,1,1,1,1,1,0,1,1,1,0,0,1,0,1,1,0,1,1,1,0,0,0,0,0,0,0,0,0,0,0,0,0,0,0,0,0,0,0,0,0,0,0,0
635,Bahria Town Karachi,Bahria Town Karachi,Flat,2,2,35,2.78,,0,,,,0,0,0,0,0,0,0,0,1,0,0,0,0,0,0,0,0,0,0,0,0,0,0,0,0,0,0,0,0,0,0,0,0,0,0,0,0,0,0,0,0,0,0,0
153,"Askari 5, Malir Cantonment, Cantt",Cantt,Flat,3,3,286,37,,0,,,,0,0,0,0,1,0,1,1,1,0,0,0,1,0,1,0,0,0,0,0,0,0,0,0,0,0,0,0,0,0,0,0,0,0,0,0,0,0,0,0,0,0,0,0
154,"Askari 5, Malir Cantonment, Cantt",Cantt,Flat,4,4,333,46,,1,,,,0,0,0,0,1,0,0,1,1,0,1,0,0,0,1,0,0,0,0,0,0,0,0,0,0,0,0,0,0,0,0,0,0,0,0,0,0,0,0,0,0,0,0,0
300,"Askari 5, Malir Cantonment, Cantt",Cantt,Flat,4,4,330,46.5,,1,,2,,0,0,0,0,1,0,1,1,1,0,1,0,0,0,1,0,0,0,0,0,0,0,0,0,0,0,0,0,0,0,0,0,0,0,0,0,0,0,0,0,0,0,0,0
429,"Askari 5, Malir Cantonment, Cantt",Cantt,Flat,4,4,333,37.5,,1,,2,,0,0,0,0,1,0,1,1,1,0,1,0,0,0,1,0,0,0,0,0,0,0,0,0,0,0,0,0,0,0,0,0,0,0,0,0,0,0,0,0,0,0,0,0
438,"Askari 5, Malir Cantonment, Cantt",Cantt,Flat,4,4,333,46,,1,,,,0,0,0,0,1,0,0,1,1,0,1,0,0,0,1,0,0,0,0,0,0,0,0,0,0,0,0,0,0,0,0,0,0,0,0,0,0,0,0,0,0,0,0,0
462,"Askari 5, Malir Cantonment, Cantt",Cantt,Flat,3,3,286,37.5,,1,,,,0,0,0,0,1,0,0,1,1,0,1,0,0,0,1,0,0,0,0,0,0,0,0,0,0,0,0,0,0,0,0,0,0,0,0,0,0,0,0,0,0,0,0,0
463,"Askari 5, Malir Cantonment, Cantt",Cantt,Flat,3,3,286,38.5,,1,,,,0,0,0,0,1,0,0,1,1,0,1,0,0,0,1,0,0,0,0,0,0,0,0,0,0,0,0,0,0,0,0,0,0,0,0,0,0,0,0,0,0,0,0,0
464,"Askari 5, Malir Cantonment, Cantt",Cantt,Flat,3,3,286,34.5,,1,,,,0,0,0,0,1,0,0,1,1,0,1,0,0,0,1,0,0,0,0,0,0,0,0,0,0,0,0,0,0,0,0,0,0,0,0,0,0,0,0,0,0,0,0,0
465,"Askari 5, Malir Cantonment, Cantt",Cantt,Flat,3,3,286,37,,1,,,,0,0,0,0,1,0,0,1,1,0,1,0,0,0,1,0,0,0,0,0,0,0,0,0,0,0,0,0,0,0,0,0,0,0,0,0,0,0,0,0,0,0,0,0
466,"Askari 5, Malir Cantonment, Cantt",Cantt,Flat,3,3,286,36.5,,1,,,,0,0,0,0,1,0,0,1,1,0,1,0,0,0,1,0,0,0,0,0,0,0,0,0,0,0,0,0,0,0,0,0,0,0,0,0,0,0,0,0,0,0,0,0
487,"Askari 5, Malir Cantonment, Cantt",Cantt,Flat,3,3,286,35.5,,1,,,,0,0,0,0,1,0,0,1,1,0,1,0,0,0,1,0,0,0,0,0,0,0,0,0,0,0,0,0,0,0,0,0,0,0,0,0,0,0,0,0,0,0,0,0
488,"Askari 5, Malir Cantonment, Cantt",Cantt,Flat,3,3,286,37.5,,1,,,,0,0,0,0,1,0,0,1,1,0,1,0,0,0,1,0,0,0,0,0,0,0,0,0,0,0,0,0,0,0,0,0,0,0,0,0,0,0,0,0,0,0,0,0
489,"Askari 5, Malir Cantonment, Cantt",Cantt,Flat,3,3,286,38,,1,,,,0,0,0,0,1,0,0,1,1,0,1,0,0,0,1,0,0,0,0,0,0,0,0,0,0,0,0,0,0,0,0,0,0,0,0,0,0,0,0,0,0,0,0,0
515,"Askari 5, Malir Cantonment, Cantt",Cantt,Flat,3,4,286,39,,0,9,2,,1,0,0,0,0,0,1,1,0,1,0,0,0,0,0,0,0,0,0,0,0,0,0,0,0,0,0,0,0,0,0,0,0,0,0,0,0,0,0,0,0,0,0,0
586,"Askari 5, Malir Cantonment, Cantt",Cantt,Flat,3,3,286,38.5,,1,,2,,0,0,0,0,1,0,1,1,1,0,1,0,0,0,1,0,0,0,0,0,0,0,0,0,0,0,0,0,0,0,0,0,0,0,0,0,0,0,0,0,0,0,0,0
601,"Askari 5, Malir Cantonment, Cantt",Cantt,Flat,3,4,289,36,,0,,2,,1,1,0,0,1,0,0,1,0,0,0,0,1,0,1,1,0,0,0,0,0,0,0,0,0,0,0,0,0,0,0,0,0,0,0,0,0,0,0,0,0,0,0,0
610,"Askari 5, Malir Cantonment, Cantt",Cantt,Flat,3,3,286,37.5,,2,9,2,,0,0,0,0,1,0,0,1,0,1,0,0,0,0,1,0,0,0,0,0,0,0,0,0,0,0,0,0,0,0,0,0,0,0,0,0,0,0,0,0,0,0,0,0
629,"Askari 5, Malir Cantonment, Cantt",Cantt,Flat,3,3,267,37.5,,0,3,1,,0,0,0,0,0,0,1,1,1,1,0,0,1,0,1,0,0,0,0,0,0,0,0,0,0,0,0,0,0,0,0,0,0,0,0,0,0,0,0,0,0,0,0,0
75,"Askari 5 - Sector J, Askari 5, Malir Cantonment, Cantt",Cantt,House,5,5,375,71.5,,4,,,,0,1,0,0,1,0,0,1,1,1,0,0,0,0,0,0,0,0,0,0,0,0,0,0,0,0,0,0,0,0,0,0,0,0,0,0,0,0,0,0,0,0,0,0
76,"Askari 5 - Sector J, Askari 5, Malir Cantonment, Cantt",Cantt,House,5,5,375,70,1/1/2022,4,,,,0,1,0,0,1,0,0,1,1,1,0,0,0,0,0,0,0,0,0,0,0,0,0,0,0,0,0,0,0,0,0,0,0,0,0,0,0,0,0,0,0,0,0,0
105,"Askari 5 - Sector J, Askari 5, Malir Cantonment, Cantt",Cantt,House,5,5,375,71.5,,1,,,,0,0,0,0,1,0,0,1,1,0,1,0,0,0,1,0,0,0,0,0,0,0,0,0,0,0,0,0,0,0,0,0,0,0,0,0,0,0,0,0,0,0,0,0
129,"Askari 5 - Sector J, Askari 5, Malir Cantonment, Cantt",Cantt,House,5,6,375,70,,0,,,,0,0,0,0,0,0,0,1,1,1,1,1,1,0,1,1,0,0,0,0,0,0,0,0,0,0,0,0,0,0,0,0,0,0,0,0,0,0,0,0,0,0,0,0
150,"Askari 5 - Sector J, Askari 5, Malir Cantonment, Cantt",Cantt,House,5,6,375,70,,0,,,,0,0,0,0,0,0,0,0,0,1,1,0,1,0,1,1,0,0,0,0,0,0,1,0,0,0,0,1,1,0,1,0,0,0,0,0,0,0,0,0,0,0,0,0
151,"Askari 5 - Sector J, Askari 5, Malir Cantonment, Cantt",Cantt,House,5,7,375,68.5,,1,,,,0,0,0,0,0,0,0,1,1,0,0,0,0,0,0,0,0,1,1,1,0,0,0,0,0,0,0,0,0,0,0,0,0,0,0,0,0,0,0,0,0,0,0,0
176,"Askari 5 - Sector J, Askari 5, Malir Cantonment, Cantt",Cantt,House,5,5,375,73,,1,,,,0,0,0,0,1,0,0,1,1,0,1,0,0,0,1,0,0,0,0,0,0,0,0,0,0,0,0,0,0,0,0,0,0,0,0,0,0,0,0,0,0,0,0,0
177,"Askari 5 - Sector J, Askari 5, Malir Cantonment, Cantt",Cantt,House,5,5,375,71.5,,1,,,,0,0,0,0,1,0,0,1,1,0,1,0,0,0,1,0,0,0,0,0,0,0,0,0,0,0,0,0,0,0,0,0,0,0,0,0,0,0,0,0,0,0,0,0
302,"Askari 5 - Sector J, Askari 5, Malir Cantonment, Cantt",Cantt,House,5,5,375,69,,1,,,,0,0,0,0,1,0,0,1,1,0,1,0,0,0,1,0,0,0,0,0,0,0,0,0,0,0,0,0,0,0,0,0,0,0,0,0,0,0,0,0,0,0,0,0
336,"Askari 5 - Sector J, Askari 5, Malir Cantonment, Cantt",Cantt,House,5,5,375,70.5,1/1/2022,4,,,,0,1,0,0,1,0,0,1,1,1,0,0,0,0,0,0,0,0,0,0,0,0,0,0,0,0,0,0,0,0,0,0,0,0,0,0,0,0,0,0,0,0,0,0
364,"Askari 5 - Sector J, Askari 5, Malir Cantonment, Cantt",Cantt,House,5,5,375,69.5,,1,,,,0,0,0,0,1,0,0,1,1,0,1,0,0,0,1,0,0,0,0,0,0,0,0,0,0,0,0,0,0,0,0,0,0,0,0,0,0,0,0,0,0,0,0,0
365,"Askari 5 - Sector J, Askari 5, Malir Cantonment, Cantt",Cantt,House,5,5,375,71.5,,1,,,,0,0,0,0,1,0,0,1,1,0,1,0,0,0,1,0,0,0,0,0,0,0,0,0,0,0,0,0,0,0,0,0,0,0,0,0,0,0,0,0,0,0,0,0
366,"Askari 5 - Sector J, Askari 5, Malir Cantonment, Cantt",Cantt,House,5,5,375,72.5,,1,,,,0,0,0,0,1,0,0,1,1,0,1,0,0,0,1,0,0,0,0,0,0,0,0,0,0,0,0,0,0,0,0,0,0,0,0,0,0,0,0,0,0,0,0,0
376,"Askari 5 - Sector J, Askari 5, Malir Cantonment, Cantt",Cantt,House,5,7,375,69.5,,2,,,,0,0,0,0,0,0,0,0,0,0,1,1,1,1,0,0,0,1,1,1,0,1,1,1,1,1,1,1,1,1,1,1,1,1,1,1,1,1,1,1,1,1,0,1
387,"Askari 5 - Sector J, Askari 5, Malir Cantonment, Cantt",Cantt,House,5,5,375,71.5,,1,,,,0,0,0,0,1,0,0,1,1,0,1,0,0,0,1,0,0,0,0,0,0,0,0,0,0,0,0,0,0,0,0,0,0,0,0,0,0,0,0,0,0,0,0,0
388,"Askari 5 - Sector J, Askari 5, Malir Cantonment, Cantt",Cantt,Flat,4,4,367,47.5,,1,,2,,0,0,0,0,1,0,1,1,1,0,1,0,0,0,1,0,0,0,0,0,0,0,0,0,0,0,0,0,0,0,0,0,0,0,0,0,0,0,0,0,0,0,0,0
389,"Askari 5 - Sector J, Askari 5, Malir Cantonment, Cantt",Cantt,Flat,4,4,367,48,,1,,2,,0,0,0,0,1,0,1,1,1,0,1,0,0,0,1,0,0,0,0,0,0,0,0,0,0,0,0,0,0,0,0,0,0,0,0,0,0,0,0,0,0,0,0,0
400,"Askari 5 - Sector J, Askari 5, Malir Cantonment, Cantt",Cantt,House,5,5,375,70,1/1/2022,4,,,,0,1,0,0,1,0,0,1,1,1,0,0,0,0,0,0,0,0,0,0,0,0,0,0,0,0,0,0,0,0,0,0,0,0,0,0,0,0,0,0,0,0,0,0
450,"Askari 5 - Sector J, Askari 5, Malir Cantonment, Cantt",Cantt,Flat,3,3,300,37.5,,1,,2,,0,0,0,0,1,0,1,1,1,0,1,0,0,0,1,0,0,0,0,0,0,0,0,0,0,0,0,0,0,0,0,0,0,0,0,0,0,0,0,0,0,0,0,0
490,"Askari 5 - Sector J, Askari 5, Malir Cantonment, Cantt",Cantt,Flat,4,4,367,46.5,,1,,2,,0,0,0,0,1,0,1,1,1,0,1,0,0,0,1,0,0,0,0,0,0,0,0,0,0,0,0,0,0,0,0,0,0,0,0,0,0,0,0,0,0,0,0,0
491,"Askari 5 - Sector J, Askari 5, Malir Cantonment, Cantt",Cantt,House,5,5,375,70,,1,,,,0,0,0,0,1,0,0,1,1,0,1,0,0,0,1,0,0,0,0,0,0,0,0,0,0,0,0,0,0,0,0,0,0,0,0,0,0,0,0,0,0,0,0,0
501,"Askari 5 - Sector J, Askari 5, Malir Cantonment, Cantt",Cantt,House,5,5,428,85,1/1/2022,4,,,,0,1,0,0,1,0,0,1,1,1,0,0,0,0,0,0,0,0,0,0,0,0,0,0,0,0,0,0,0,0,0,0,0,0,0,0,0,0,0,0,0,0,0,0
512,"Askari 5 - Sector J, Askari 5, Malir Cantonment, Cantt",Cantt,House,5,5,375,72.5,,1,,,,0,0,0,0,1,0,0,1,1,0,1,0,0,0,1,0,0,0,0,0,0,0,0,0,0,0,0,0,0,0,0,0,0,0,0,0,0,0,0,0,0,0,0,0
513,"Askari 5 - Sector J, Askari 5, Malir Cantonment, Cantt",Cantt,House,5,5,375,68.5,,1,,,,0,0,0,0,1,0,0,1,1,0,1,0,0,0,1,0,0,0,0,0,0,0,0,0,0,0,0,0,0,0,0,0,0,0,0,0,0,0,0,0,0,0,0,0
528,"Askari 5 - Sector J, Askari 5, Malir Cantonment, Cantt",Cantt,Flat,3,5,300,36.5,,1,,,,0,0,0,0,0,0,0,1,1,0,0,0,0,0,0,0,0,1,1,1,0,0,0,0,0,0,0,0,0,0,0,0,0,0,0,0,0,0,0,0,0,0,0,0
576,"Askari 5 - Sector J, Askari 5, Malir Cantonment, Cantt",Cantt,House,5,6,375,72,,2,,,,0,0,0,0,1,0,0,1,0,1,0,0,0,0,1,0,0,0,0,0,0,0,0,0,0,0,0,0,0,0,0,0,0,0,0,0,0,0,0,0,0,0,0,0
579,"Askari 5 - Sector J, Askari 5, Malir Cantonment, Cantt",Cantt,Flat,3,4,289,38.5,,0,,2,,0,1,0,0,0,0,0,0,0,0,0,0,1,0,1,1,0,0,0,0,0,0,1,0,0,0,0,1,1,0,1,0,0,0,0,0,0,0,0,0,0,0,0,0
580,"Askari 5 - Sector J, Askari 5, Malir Cantonment, Cantt",Cantt,Flat,3,3,300,38,,1,,2,,0,0,0,0,1,0,1,1,1,0,1,0,0,0,1,0,0,0,0,0,0,0,0,0,0,0,0,0,0,0,0,0,0,0,0,0,0,0,0,0,0,0,0,0
600,"Askari 5 - Sector J, Askari 5, Malir Cantonment, Cantt",Cantt,Flat,3,4,289,38.5,,0,,,,0,0,0,0,0,0,0,1,1,0,0,0,0,0,0,0,0,0,0,0,0,0,0,0,0,0,0,0,0,0,0,0,0,0,1,1,1,1,0,0,0,0,0,0
136,"DHA Phase 4, DHA Defence",DHA Defence,House,4,4,300,73.5,,0,,,,0,0,0,0,0,0,0,1,0,0,0,0,0,0,1,0,0,0,0,0,0,0,0,0,0,0,0,0,0,0,0,0,0,0,1,1,1,1,1,1,0,0,0,0
181,"DHA Phase 4, DHA Defence",DHA Defence,House,6,6,300,72,,2,,,,0,0,0,0,0,0,0,1,1,1,0,0,0,0,0,0,0,0,0,0,0,0,0,0,0,0,0,0,0,0,0,0,0,0,1,1,1,1,1,1,0,0,0,0
278,"DHA Phase 4, DHA Defence",DHA Defence,House,3,3,300,62.5,,4,,,,0,0,0,0,0,0,0,1,1,1,0,0,0,0,0,0,0,0,0,0,0,0,0,0,0,0,0,0,0,0,0,0,0,0,1,1,1,1,1,0,0,0,0,0
570,"DHA Phase 4, DHA Defence",DHA Defence,House,6,6,300,119,1/1/2022,2,,,,0,0,0,0,0,0,0,1,1,1,0,0,0,0,0,0,0,0,0,0,0,0,0,0,0,0,0,0,0,0,0,0,0,0,1,1,1,1,1,0,0,0,0,0
632,"DHA Phase 4, DHA Defence",DHA Defence,House,5,4,300,65,1/1/1993,2,,,,0,0,0,0,0,0,0,1,1,1,1,1,1,1,1,1,0,1,1,0,0,1,1,1,1,0,0,0,1,0,1,1,0,0,1,0,0,0,0,0,1,1,0,0
777,"DHA Phase 4, DHA Defence",DHA Defence,House,4,4,300,66,,2,,,,0,0,0,0,0,0,0,1,1,1,1,1,0,0,0,0,0,0,0,0,0,0,0,0,0,0,0,0,0,0,0,0,0,0,0,0,0,0,0,0,0,0,0,0
858,"DHA Phase 4, DHA Defence",DHA Defence,House,5,,300,73,,3,,,,0,0,0,0,0,0,0,1,0,0,0,0,0,0,0,0,0,0,0,0,0,0,0,0,0,0,0,0,0,0,1,0,0,0,0,0,0,0,0,0,0,0,0,0
936,"DHA Phase 4, DHA Defence",DHA Defence,House,4,5,300,70,,0,,,,0,0,0,0,0,0,0,1,1,0,0,0,1,0,1,0,0,0,0,0,0,0,0,0,0,1,0,0,0,0,0,0,0,0,0,0,0,0,0,0,0,0,0,0
1357,"DHA Phase 4, DHA Defence",DHA Defence,House,5,6,300,91.5,,2,,,,0,1,1,1,0,0,0,1,1,1,1,1,1,0,0,0,0,0,0,0,0,0,0,0,0,0,0,0,0,0,0,0,0,0,0,0,0,0,0,0,0,0,0,0
1493,"DHA Phase 4, DHA Defence",DHA Defence,House,5,5,300,68,,2,,,,0,1,0,0,0,0,0,1,0,1,0,0,0,0,1,0,0,0,0,0,0,0,0,0,0,0,0,0,0,0,0,0,0,0,0,0,0,0,0,0,0,0,0,0
1684,"DHA Phase 4, DHA Defence",DHA Defence,Flat,3,3,133,12.5,1/1/2015,0,4,,,0,0,0,0,0,0,0,1,1,0,0,0,0,0,0,0,0,0,0,0,0,0,0,0,0,0,0,0,0,0,0,0,0,0,0,0,0,0,0,0,0,0,0,0
1786,"DHA Phase 4, DHA Defence",DHA Defence,House,6,6,300,67,,3,,,,0,1,1,0,0,0,0,1,1,1,1,1,1,0,0,0,0,0,0,0,0,0,0,0,0,0,0,0,0,0,0,0,0,0,0,0,0,0,0,0,0,0,0,0
2242,"DHA Phase 4, DHA Defence",DHA Defence,House,5,5,300,90,1/1/2022,2,,,,0,1,1,1,1,0,0,1,1,0,0,0,0,0,0,0,0,0,0,0,0,0,0,0,0,0,0,0,0,0,0,0,0,0,0,0,0,0,0,0,0,0,0,0
2284,"DHA Phase 4, DHA Defence",DHA Defence,Flat,3,4,200,33,,0,,,,0,0,0,0,0,0,0,1,0,0,0,0,0,0,0,0,0,0,0,0,0,0,0,0,0,0,0,0,0,0,0,0,0,0,1,1,1,1,1,1,0,0,0,0
2390,"DHA Phase 4, DHA Defence",DHA Defence,House,3,4,545,71.5,1/1/2015,2,,,,0,0,0,0,0,0,0,1,1,1,0,0,0,0,0,0,0,0,0,0,0,0,0,0,0,0,0,0,0,0,0,0,0,0,1,1,1,1,1,0,0,0,0,0
2391,"DHA Phase 4, DHA Defence",DHA Defence,House,6,6,300,75,,0,,,,0,0,0,0,1,0,0,1,1,0,0,0,0,0,0,0,0,0,0,0,0,0,0,0,0,0,0,0,0,0,0,0,0,0,1,1,1,1,1,0,0,0,0,0
2446,"DHA Phase 4, DHA Defence",DHA Defence,House,4,5,300,67.5,1/1/2018,3,,,,0,0,0,0,0,0,0,1,1,1,0,0,0,0,0,0,0,0,0,0,0,0,0,0,0,0,0,0,0,0,0,0,0,0,1,1,1,1,1,0,0,0,0,0
2671,"DHA Phase 4, DHA Defence",DHA Defence,House,4,5,300,80,1/1/2010,2,,,,0,0,0,0,0,0,0,1,1,1,0,0,0,0,0,0,0,0,0,0,0,0,0,0,0,0,0,0,0,0,0,0,0,0,1,1,1,1,1,0,0,0,0,0
2681,"DHA Phase 4, DHA Defence",DHA Defence,House,4,4,300,72.5,,0,,,,0,0,1,1,1,1,0,1,0,1,1,1,1,1,1,1,0,0,0,0,0,0,0,0,0,0,0,0,0,0,0,0,0,0,0,0,0,0,0,0,0,0,0,0
2899,"DHA Phase 4, DHA Defence",DHA Defence,House,4,5,300,69,1/1/2000,2,,,,0,0,0,0,1,0,0,1,1,1,1,0,1,0,0,0,0,0,0,0,0,0,0,0,0,0,0,0,0,0,0,0,0,0,0,0,0,0,0,0,0,0,0,0
3032,"DHA Phase 4, DHA Defence",DHA Defence,House,4,5,200,61,1/1/2008,2,,,,0,1,1,1,1,0,0,1,0,1,1,1,1,1,1,1,0,0,0,0,0,1,1,1,1,1,1,1,1,1,1,1,0,0,0,0,0,0,0,0,0,0,0,0
3076,"DHA Phase 4, DHA Defence",DHA Defence,Flat,2,3,100,8.5,1/1/2000,0,3,,,0,0,0,0,1,0,0,1,1,0,0,0,1,0,1,1,0,1,1,1,0,0,0,0,0,0,0,0,0,0,0,0,0,0,0,0,0,0,0,0,0,0,0,0
3077,"DHA Phase 4, DHA Defence",DHA Defence,House,6,6,315,72.5,,0,,,,0,0,0,0,1,0,0,1,1,1,1,1,1,0,0,0,0,0,0,0,0,0,0,0,0,0,0,0,0,0,0,0,0,0,0,0,0,0,0,0,0,0,0,0
3177,"DHA Phase 4, DHA Defence",DHA Defence,House,3,3,545,72.5,,3,,,,0,1,1,1,1,0,0,1,1,1,0,0,0,0,0,0,0,0,0,0,0,0,0,0,0,0,0,0,0,0,0,0,0,0,0,0,0,0,0,0,0,0,0,0
3246,"DHA Phase 4, DHA Defence",DHA Defence,House,4,4,300,54,1/1/1990,2,,,,0,0,0,0,0,0,0,1,1,1,0,0,0,0,0,0,0,0,0,0,0,0,0,0,0,0,0,0,0,0,0,0,0,0,0,0,0,0,0,0,0,0,0,0
3247,"DHA Phase 4, DHA Defence",DHA Defence,House,4,5,300,67,1/1/2000,2,,,,0,0,0,0,0,0,0,1,1,1,0,0,0,0,0,0,0,0,0,0,0,0,0,0,0,0,0,0,0,0,0,0,0,0,0,0,0,0,0,0,0,0,0,0
3254,"DHA Phase 4, DHA Defence",DHA Defence,Flat,3,4,222,33,,0,,1,,1,0,0,0,1,0,1,1,1,0,0,0,0,0,0,0,0,0,0,0,0,0,0,0,0,0,0,0,0,0,0,0,0,0,0,0,0,0,0,0,0,0,0,0
4003,"DHA Phase 4, DHA Defence",DHA Defence,House,6,6,650,135,1/1/2008,5,,,,0,0,0,0,0,0,0,1,1,1,0,0,0,0,0,0,0,0,0,0,0,0,0,0,0,0,0,0,0,0,0,0,0,0,1,1,1,1,1,1,0,0,0,0
4037,"DHA Phase 4, DHA Defence",DHA Defence,House,5,6,600,180,,0,,,,0,0,0,0,0,0,0,1,0,1,1,0,1,0,0,0,0,0,0,0,0,0,0,0,0,0,0,0,0,0,0,0,0,0,0,0,0,0,0,0,0,0,0,0
4077,"DHA Phase 4, DHA Defence",DHA Defence,Flat,2,2,100,6.5,,0,,,,0,0,0,0,0,0,0,1,1,0,0,0,0,0,0,0,0,0,0,0,0,0,0,0,0,0,0,0,0,0,0,0,0,0,1,1,1,0,1,1,0,0,0,0
4296,"DHA Phase 4, DHA Defence",DHA Defence,House,6,6,300,72.5,1/1/2008,1,,,,0,0,0,0,0,0,0,1,0,1,0,0,0,0,0,0,0,0,0,0,0,0,0,0,0,0,0,0,0,0,0,0,0,0,0,0,0,0,0,0,0,0,0,0
4329,"DHA Phase 4, DHA Defence",DHA Defence,House,4,4,250,29,,0,,,,0,1,0,0,1,0,0,1,1,0,0,0,0,0,0,0,0,0,0,0,0,0,0,0,0,0,0,0,0,0,0,0,0,0,0,0,0,0,0,0,0,0,0,0
4886,"DHA Phase 4, DHA Defence",DHA Defence,Flat,3,3,133,9.7,,0,,,,0,0,0,0,0,0,0,0,0,0,0,0,0,0,0,0,0,0,0,0,0,0,0,0,0,0,0,0,0,0,0,0,0,0,0,0,0,0,0,0,0,0,0,0
4951,"DHA Phase 4, DHA Defence",DHA Defence,House,4,5,300,70,,0,,,,0,0,0,0,0,0,0,1,1,0,0,0,0,0,0,0,0,0,0,0,0,0,0,0,0,0,0,1,1,0,0,0,0,0,0,0,0,0,0,0,0,0,0,0
5257,"DHA Phase 4, DHA Defence",DHA Defence,House,5,5,300,87.5,,0,,,,0,0,0,0,0,0,0,0,0,0,0,0,0,0,0,0,0,0,0,0,0,0,0,0,0,0,0,0,0,0,0,0,0,0,0,0,0,0,0,0,0,0,0,0
5451,"DHA Phase 4, DHA Defence",DHA Defence,House,4,4,300,62.5,,0,,,,0,0,0,0,0,0,0,0,0,0,0,0,0,0,0,0,0,0,0,0,0,0,0,0,0,0,0,0,0,0,0,0,0,0,0,0,0,0,0,0,0,0,0,0
5577,"DHA Phase 4, DHA Defence",DHA Defence,House,9,6,1000,160,,4,,,,0,1,0,0,0,0,0,1,0,1,1,0,1,0,0,0,0,0,0,0,0,0,0,0,0,0,0,0,0,0,0,0,0,0,0,0,0,0,0,0,0,0,0,0
5664,"DHA Phase 4, DHA Defence",DHA Defence,House,5,5,300,97.5,,0,,,,0,0,0,0,0,0,0,0,0,0,0,0,0,0,0,0,0,0,0,0,0,0,0,0,0,0,0,0,0,0,0,0,0,0,0,0,0,0,0,0,0,0,0,0
5676,"DHA Phase 4, DHA Defence",DHA Defence,House,5,5,300,130,,0,,,,0,0,0,0,0,0,0,0,0,0,0,0,0,0,0,0,0,0,0,0,0,0,0,0,0,0,0,0,0,0,0,0,0,0,0,0,0,0,0,0,0,0,0,0
6534,"DHA Phase 4, DHA Defence",DHA Defence,House,4,4,300,66,,0,,,,0,0,1,0,0,0,0,1,0,0,0,0,0,0,1,0,0,1,1,0,0,0,0,0,0,0,0,0,0,0,0,0,0,0,0,0,0,0,0,0,0,0,0,0
7132,"DHA Phase 4, DHA Defence",DHA Defence,Flat,3,3,122,9.5,1/1/2000,0,3,,,1,0,0,0,1,0,0,1,1,0,0,0,0,0,0,0,0,0,0,0,0,0,0,0,0,0,0,0,0,0,0,0,0,0,0,0,0,0,0,0,0,0,0,0
7138,"DHA Phase 4, DHA Defence",DHA Defence,Flat,3,4,222,34,1/1/2019,2,4,1,,0,0,0,0,0,0,0,1,1,0,0,0,0,0,0,0,0,0,0,0,0,0,0,0,0,0,0,0,0,0,0,0,0,0,0,0,0,0,0,0,0,0,0,0
7755,"DHA Phase 4, DHA Defence",DHA Defence,House,6,6,300,70,1/1/2000,2,,,,0,0,0,0,0,0,0,1,1,1,0,0,0,0,0,0,0,0,0,0,0,0,0,0,0,0,0,0,0,0,0,0,0,0,0,0,0,0,0,0,0,0,0,0
7760,"DHA Phase 4, DHA Defence",DHA Defence,House,4,5,300,80,,0,,,,0,0,0,0,0,0,0,1,1,1,0,0,0,0,0,0,0,0,0,0,0,0,0,0,0,0,0,0,0,0,0,0,0,0,0,0,0,0,0,0,0,0,0,0
7912,"DHA Phase 4, DHA Defence",DHA Defence,House,6,6,300,72,,0,,,,0,0,0,0,0,0,0,0,0,0,0,0,0,0,0,0,0,0,0,0,0,0,0,0,0,0,0,0,0,0,0,0,0,0,0,0,0,0,0,0,0,0,0,0
8303,"DHA Phase 4, DHA Defence",DHA Defence,House,4,4,300,75,,0,,,,0,0,0,0,1,0,0,1,1,0,0,0,1,0,1,1,0,0,0,0,0,0,0,0,0,0,0,0,0,0,0,0,0,0,0,0,0,0,0,0,0,0,0,0
8307,"DHA Phase 4, DHA Defence",DHA Defence,House,,,300,55,,0,,,,0,0,0,0,0,0,0,1,1,0,0,0,0,1,0,0,0,0,0,0,0,1,1,1,1,1,1,1,1,1,1,1,0,0,1,1,1,1,0,0,0,0,0,0
8308,"DHA Phase 4, DHA Defence",DHA Defence,House,,,300,55,,0,,,,0,0,0,0,0,0,0,1,1,0,0,0,0,1,0,0,0,0,0,0,0,1,1,1,1,1,1,1,1,1,1,1,0,0,1,1,1,1,0,0,0,0,0,0
8309,"DHA Phase 4, DHA Defence",DHA Defence,House,6,6,300,75,,0,,,,0,0,0,0,0,0,0,1,0,1,0,0,0,0,1,0,0,0,0,0,0,0,0,0,0,0,0,0,0,0,0,0,0,0,1,1,1,1,1,1,0,0,0,0
8310,"DHA Phase 4, DHA Defence",DHA Defence,House,4,5,300,56,,4,,,,0,1,1,1,0,0,0,1,1,1,1,1,1,0,0,0,0,0,0,0,0,0,0,0,0,0,0,0,0,0,0,0,0,0,0,0,0,0,0,0,0,0,0,0
8311,"DHA Phase 4, DHA Defence",DHA Defence,House,5,5,300,55,,0,,,,0,0,0,0,0,0,0,1,0,1,0,0,0,0,1,0,0,0,0,0,0,0,0,0,0,0,0,0,0,0,0,0,0,0,1,1,1,1,1,1,0,0,0,0
8312,"DHA Phase 4, DHA Defence",DHA Defence,House,5,5,500,67,,0,,,,0,0,0,0,0,0,0,1,0,1,0,0,0,0,1,0,0,0,0,0,0,0,0,0,0,0,0,0,0,0,0,0,0,0,0,0,0,0,0,0,0,0,0,0
8425,"DHA Phase 4, DHA Defence",DHA Defence,House,5,6,2000,750,1/1/2017,10,,,,0,1,0,0,1,0,0,1,1,1,1,1,1,0,0,0,0,0,0,0,0,0,0,0,0,0,0,0,0,0,0,0,0,0,0,0,0,0,0,0,0,0,0,0
8548,"DHA Phase 4, DHA Defence",DHA Defence,House,3,4,616,105,1/1/2005,3,,,,0,1,1,1,1,0,0,1,1,0,0,0,0,0,0,0,0,0,0,0,0,0,0,0,0,0,0,0,0,0,0,0,0,0,0,0,0,0,0,0,0,0,0,0
8636,"DHA Phase 4, DHA Defence",DHA Defence,Flat,3,3,128,8.5,1/1/2013,2,3,,,0,0,0,0,0,0,0,1,1,0,0,0,0,0,0,0,0,0,0,0,0,0,0,0,0,0,0,0,0,0,0,0,0,0,0,0,0,0,0,0,0,0,0,0
8670,"DHA Phase 4, DHA Defence",DHA Defence,House,5,5,300,67.5,,0,,,,0,0,0,0,1,0,0,1,1,1,0,0,0,0,1,0,0,1,1,0,0,0,0,0,0,0,0,0,0,0,0,0,0,0,0,0,0,0,0,0,0,0,0,0
8717,"DHA Phase 4, DHA Defence",DHA Defence,House,6,6,300,69.9,,2,,,,0,0,0,0,0,0,0,1,0,1,0,0,0,0,0,0,0,0,0,0,0,0,0,0,0,0,0,0,0,0,0,0,0,0,0,0,0,0,0,0,0,0,0,0
27,"Falcon Complex New Malir, Malir",Malir,House,4,4,350,71.5,,1,,,,0,0,0,0,1,0,0,1,1,0,1,0,0,0,1,0,0,0,0,0,0,0,0,0,0,0,0,0,0,0,0,0,0,0,0,0,0,0,0,0,0,0,0,0
28,"Falcon Complex New Malir, Malir",Malir,House,5,5,500,81.5,,1,,,,0,0,0,0,1,0,0,1,1,0,1,0,0,0,1,0,0,0,0,0,0,0,0,0,0,0,0,0,0,0,0,0,0,0,0,0,0,0,0,0,0,0,0,0
157,"Falcon Complex New Malir, Malir",Malir,House,5,5,500,94,,1,,,,0,0,0,0,0,0,0,0,0,1,1,0,0,1,1,0,0,0,0,0,0,0,0,1,1,0,0,1,1,0,1,0,0,0,1,0,1,1,1,1,0,0,0,0
158,"Falcon Complex New Malir, Malir",Malir,House,4,4,350,74.5,,1,,,,0,0,0,0,1,0,0,1,0,1,1,0,1,0,1,0,0,0,0,0,0,0,0,0,0,0,0,0,0,0,0,0,0,0,0,0,0,0,0,0,0,0,0,0
250,"Falcon Complex New Malir, Malir",Malir,House,5,5,500,80,,1,,,,0,0,0,0,1,0,0,1,1,0,1,0,0,0,1,0,0,0,0,0,0,0,0,0,0,0,0,0,0,0,0,0,0,0,0,0,0,0,0,0,0,0,0,0
291,"Falcon Complex New Malir, Malir",Malir,House,4,5,350,72.5,1/1/2022,3,,,,0,1,0,0,1,0,0,1,0,1,1,0,1,0,1,0,0,1,1,0,0,0,1,0,0,0,0,1,1,1,1,0,0,0,1,0,0,0,0,0,1,1,0,0
353,"Falcon Complex New Malir, Malir",Malir,House,4,4,350,70,,1,,,,0,0,0,0,1,0,0,1,1,0,1,0,0,0,1,0,0,0,0,0,0,0,0,0,0,0,0,0,0,0,0,0,0,0,0,0,0,0,0,0,0,0,0,0
359,"Falcon Complex New Malir, Malir",Malir,House,5,5,500,88,,0,,,,0,0,0,0,0,0,0,0,0,0,0,0,0,0,0,0,0,0,0,0,0,0,0,0,0,0,0,0,0,0,0,0,0,0,0,0,0,0,0,0,0,0,0,0
380,"Falcon Complex New Malir, Malir",Malir,House,5,5,500,88,,0,,,,0,1,0,0,1,1,0,1,1,0,0,0,0,0,0,0,0,0,0,0,0,0,0,0,0,0,0,0,0,0,0,0,0,0,0,0,0,0,0,0,0,0,0,0
558,"Falcon Complex New Malir, Malir",,House,5,,,80,1/1/2023,2,,,,0,0,0,0,0,0,0,1,0,1,0,0,0,0,0,0,0,0,0,0,0,0,0,0,0,0,0,0,0,0,0,0,0,0,0,0,0,0,0,0,0,0,0,0
559,"Falcon Complex New Malir, Malir",Malir,House,5,5,500,92.5,1/1/2022,0,,,,0,0,0,0,0,0,0,1,1,1,0,0,0,0,0,0,0,0,0,0,0,0,0,0,0,0,0,0,0,0,0,0,0,0,1,1,1,1,1,0,0,0,0,0
913,"Falcon Complex New Malir, Malir",Malir,House,6,7,500,100,1/1/2018,4,,,,0,1,0,0,0,1,0,1,1,1,0,0,0,0,0,0,0,0,0,0,0,0,0,0,0,0,0,0,0,0,0,0,0,0,0,0,0,0,0,0,0,0,0,0
985,"Falcon Complex New Malir, Malir",Malir,House,4,4,350,72,1/1/2022,2,,,,0,1,1,1,1,1,0,1,1,1,0,0,0,0,0,0,0,0,0,0,0,0,0,0,0,0,0,0,0,0,0,0,0,0,0,0,0,0,0,0,0,0,0,0
1013,"Falcon Complex New Malir, Malir",Malir,House,5,5,500,81,,0,,,,0,0,0,0,0,0,0,1,1,0,0,0,0,0,0,0,0,0,0,0,0,0,0,0,0,0,0,0,0,0,0,0,0,0,1,1,1,1,1,1,1,1,0,0
1014,"Falcon Complex New Malir, Malir",Malir,House,5,6,500,80,,0,,,,0,0,0,0,0,0,0,1,1,0,0,0,0,0,0,0,0,0,0,0,0,0,0,0,0,0,0,0,0,0,0,0,0,0,1,1,1,1,1,1,1,1,0,0
1035,"Falcon Complex New Malir, Malir",Malir,House,,,500,71,,0,,,,0,0,0,0,0,0,0,1,1,0,0,0,0,0,0,0,0,0,0,0,0,0,0,0,0,0,0,0,0,0,0,0,0,0,1,1,1,1,1,1,1,1,0,0
1036,"Falcon Complex New Malir, Malir",Malir,House,,,500,71.5,,0,,,,0,0,0,0,0,0,0,1,1,0,0,0,0,0,0,0,0,0,0,0,0,0,0,0,0,0,0,0,0,0,0,0,0,0,1,1,1,1,1,1,1,1,0,0
1037,"Falcon Complex New Malir, Malir",Malir,House,,,500,72.5,,0,,,,0,0,0,0,0,0,0,1,1,0,0,0,0,0,0,0,0,0,0,0,0,0,0,0,0,0,0,0,0,0,0,0,0,0,1,1,1,1,1,1,1,1,0,0
1038,"Falcon Complex New Malir, Malir",Malir,House,4,6,350,71,,0,,,,0,0,0,0,0,0,0,1,1,0,0,0,0,0,0,0,0,0,0,0,0,0,0,0,0,0,0,0,0,0,0,0,0,0,1,1,1,1,1,1,1,1,0,0
1039,"Falcon Complex New Malir, Malir",Malir,House,5,6,500,81,,0,,,,0,0,0,0,0,0,0,1,1,0,0,0,0,0,0,0,0,0,0,0,0,0,0,0,0,0,0,0,0,0,0,0,0,0,1,1,1,1,1,1,1,1,0,0
1060,"Falcon Complex New Malir, Malir",Malir,House,,,500,71,,0,,,,0,0,0,0,0,0,0,1,1,0,0,0,0,0,0,0,0,0,0,0,0,0,0,0,0,0,0,0,0,0,0,0,0,0,1,1,1,1,1,1,1,1,0,0
1061,"Falcon Complex New Malir, Malir",Malir,House,,,500,77.5,,0,,,,0,0,0,0,0,0,0,1,1,0,0,0,0,0,0,0,0,0,0,0,0,0,0,0,0,0,0,0,0,0,0,0,0,0,1,1,1,1,1,1,1,1,0,0
1062,"Falcon Complex New Malir, Malir",Malir,House,,,500,82,,0,,,,0,0,0,0,0,0,0,1,1,0,0,0,0,0,0,0,0,0,0,0,0,0,0,0,0,0,0,0,0,0,0,0,0,0,1,1,1,1,1,1,1,1,0,0
1126,"Falcon Complex New Malir, Malir",Malir,House,5,5,500,82.5,,2,,,,0,0,0,0,0,0,0,1,0,1,1,0,0,0,1,0,0,1,0,0,0,0,0,0,0,0,0,0,0,0,0,0,0,0,0,0,0,0,0,0,0,0,0,0
1189,"Falcon Complex New Malir, Malir",Malir,House,4,5,350,72,1/1/2021,3,,,,0,0,0,0,1,0,0,1,0,1,1,0,1,0,0,0,0,0,0,0,0,0,0,0,0,0,0,0,0,0,0,0,0,0,0,0,0,0,0,0,0,0,0,0
1274,"Falcon Complex New Malir, Malir",Malir,House,4,5,350,70,1/1/2019,0,,,,0,1,0,0,0,0,0,1,1,1,0,0,0,0,0,0,0,0,0,0,0,0,0,0,0,0,0,0,0,0,0,0,0,0,0,0,0,0,0,0,0,0,0,0
1275,"Falcon Complex New Malir, Malir",Malir,House,5,5,500,87.5,1/1/2022,0,,,,0,1,0,0,1,0,0,1,1,1,1,0,1,1,0,0,0,0,0,0,0,0,0,0,0,0,0,0,0,0,0,0,0,0,0,0,0,0,0,0,0,0,0,0
1363,"Falcon Complex New Malir, Malir",Malir,House,5,5,500,100,,2,,,,0,0,0,0,0,0,0,1,0,0,0,0,0,0,0,0,0,0,0,0,0,0,0,0,0,0,0,0,0,0,0,0,0,0,1,1,1,1,1,1,0,0,0,0
1585,"Falcon Complex New Malir, Malir",Malir,House,5,5,500,85,1/1/2020,0,,,,0,1,0,0,1,1,0,1,1,0,0,0,0,0,0,0,0,0,0,0,0,0,0,0,0,0,0,0,0,0,0,0,0,0,0,0,0,0,0,0,0,0,0,0
1749,"Falcon Complex New Malir, Malir",Malir,House,4,4,350,71,,1,,,,0,0,0,0,1,0,0,1,1,0,1,0,0,0,1,0,0,0,0,0,0,0,0,0,0,0,0,0,0,0,0,0,0,0,0,0,0,0,0,0,0,0,0,0
1750,"Falcon Complex New Malir, Malir",Malir,House,5,5,500,81,,1,,,,0,0,0,0,1,0,0,1,1,0,1,0,0,0,1,0,0,0,0,0,0,0,0,0,0,0,0,0,0,0,0,0,0,0,0,0,0,0,0,0,0,0,0,0
1832,"Falcon Complex New Malir, Malir",Malir,House,5,5,500,85,,1,,,,0,0,0,0,1,0,0,1,1,0,1,0,0,0,1,0,0,0,0,0,0,0,0,0,0,0,0,0,0,0,0,0,0,0,0,0,0,0,0,0,0,0,0,0
1974,"Falcon Complex New Malir, Malir",Malir,House,5,5,500,80,,1,,,,0,0,0,0,1,0,0,1,1,0,1,0,0,0,1,0,0,0,0,0,0,0,0,0,0,0,0,0,0,0,0,0,0,0,0,0,0,0,0,0,0,0,0,0
1975,"Falcon Complex New Malir, Malir",Malir,House,5,5,500,83.5,,1,,,,0,0,0,0,1,0,0,1,1,0,1,0,0,0,1,0,0,0,0,0,0,0,0,0,0,0,0,0,0,0,0,0,0,0,0,0,0,0,0,0,0,0,0,0
2306,"Falcon Complex New Malir, Malir",Malir,House,4,4,350,70.5,,1,,,,0,0,0,0,1,0,0,1,1,0,1,0,0,0,1,0,0,0,0,0,0,0,0,0,0,0,0,0,0,0,0,0,0,0,0,0,0,0,0,0,0,0,0,0
2603,"Falcon Complex New Malir, Malir",Malir,House,5,5,500,85,,1,,,,0,0,0,0,1,0,0,1,1,0,1,0,0,0,1,0,0,0,0,0,0,0,0,0,0,0,0,0,0,0,0,0,0,0,0,0,0,0,0,0,0,0,0,0
2674,"Falcon Complex New Malir, Malir",Malir,House,4,5,350,80,1/1/2022,1,,,,0,1,0,0,1,0,0,1,1,1,0,0,0,0,0,0,0,0,0,0,0,0,0,0,0,0,0,0,0,0,0,0,0,0,0,0,0,0,0,0,0,0,0,0
2675,"Falcon Complex New Malir, Malir",Malir,House,4,5,350,80,1/1/2022,1,,,,0,1,0,0,1,0,0,1,1,1,0,0,0,0,0,0,0,0,0,0,0,0,0,0,0,0,0,0,0,0,0,0,0,0,0,0,0,0,0,0,0,0,0,0
2801,"Falcon Complex New Malir, Malir",Malir,House,4,4,350,74.5,,1,,,,0,0,0,0,0,0,0,1,0,1,1,0,0,0,0,0,0,0,0,0,0,0,0,0,0,0,0,0,0,0,0,0,0,0,0,0,0,0,0,0,0,0,0,0
2849,"Falcon Complex New Malir, Malir",Malir,House,4,5,350,71,,3,,,,0,1,0,0,1,0,0,1,0,1,1,0,1,0,0,0,0,0,0,0,0,0,0,0,0,0,0,0,0,0,0,0,0,0,0,0,0,0,0,0,0,0,0,0
2908,"Falcon Complex New Malir, Malir",Malir,House,5,5,500,85,,5,,,,0,1,1,1,1,0,0,1,1,1,0,0,0,0,0,0,0,0,0,0,0,0,0,0,0,0,0,0,0,0,0,0,0,0,0,0,0,0,0,0,0,0,0,0
2909,"Falcon Complex New Malir, Malir",Malir,House,5,5,500,90,1/1/2023,5,,,,0,1,1,1,1,0,0,1,1,1,0,0,0,0,0,0,0,0,0,0,0,0,0,0,0,0,0,0,0,0,0,0,0,0,0,0,0,0,0,0,0,0,0,0
2910,"Falcon Complex New Malir, Malir",Malir,House,4,5,350,77,1/1/2023,5,,,,0,1,1,1,1,0,0,1,1,1,0,0,0,0,0,0,0,0,0,0,0,0,0,0,0,0,0,0,0,0,0,0,0,0,0,0,0,0,0,0,0,0,0,0
2911,"Falcon Complex New Malir, Malir",Malir,House,4,5,350,76.8,1/1/2023,5,,,,0,1,1,1,1,0,0,1,1,1,0,0,0,0,0,0,0,0,0,0,0,0,0,0,0,0,0,0,0,0,0,0,0,0,0,0,0,0,0,0,0,0,0,0
2912,"Falcon Complex New Malir, Malir",Malir,House,5,5,500,81,,5,,,,0,1,1,1,1,0,0,1,1,1,0,0,0,0,0,0,0,0,0,0,0,0,0,0,0,0,0,0,0,0,0,0,0,0,0,0,0,0,0,0,0,0,0,0
2973,"Falcon Complex New Malir, Malir",Malir,House,5,5,500,86,1/1/2022,0,,,,0,1,1,0,1,0,0,1,1,1,0,0,0,0,0,0,0,0,0,0,0,0,0,0,0,0,0,0,0,0,0,0,0,0,0,0,0,0,0,0,0,0,0,0
2986,"Falcon Complex New Malir, Malir",Malir,House,4,5,350,70.5,1/1/2022,2,,,,0,0,1,0,1,1,0,1,1,1,0,0,0,0,0,0,0,0,0,0,0,0,0,0,0,0,0,0,0,0,0,0,0,0,0,0,0,0,0,0,0,0,0,0
3094,"Falcon Complex New Malir, Malir",Malir,House,5,5,500,83,,1,,,,0,0,0,0,1,0,0,1,1,0,1,0,0,0,1,0,0,0,0,0,0,0,0,0,0,0,0,0,0,0,0,0,0,0,0,0,0,0,0,0,0,0,0,0
3281,"Falcon Complex New Malir, Malir",Malir,House,5,5,500,86,1/1/2018,0,,,,0,0,0,0,0,0,0,1,0,0,1,0,1,0,0,0,0,1,1,0,0,0,0,0,0,0,0,0,0,0,0,0,0,0,0,0,0,0,0,0,0,0,0,0
3946,"Falcon Complex New Malir, Malir",Malir,House,5,5,500,90,,0,,,,0,1,1,1,1,1,0,1,0,1,1,1,1,0,0,0,0,0,0,0,0,0,0,0,0,0,0,0,0,0,0,0,0,0,0,0,0,0,0,0,0,0,0,0
3949,"Falcon Complex New Malir, Malir",Malir,House,5,5,500,83.5,,2,,,,0,1,1,1,1,1,0,1,0,1,1,0,0,0,0,0,0,0,0,0,0,0,0,0,0,0,0,0,0,0,0,0,0,0,0,0,0,0,0,0,0,0,0,0
3950,"Falcon Complex New Malir, Malir",Malir,House,5,5,500,89,,2,,,,0,1,1,1,1,1,0,1,0,1,0,0,0,0,0,0,0,0,0,0,0,0,0,0,0,0,0,0,0,0,0,0,0,0,0,0,0,0,0,0,0,0,0,0
3951,"Falcon Complex New Malir, Malir",Malir,House,5,5,500,87,,0,,,,0,1,1,1,1,1,0,1,0,1,1,1,1,0,0,0,0,0,0,0,0,0,0,0,0,0,0,0,0,0,0,0,0,0,0,0,0,0,0,0,0,0,0,0
4008,"Falcon Complex New Malir, Malir",Malir,House,4,4,350,71.5,,1,,,,0,0,0,0,1,1,0,1,0,1,1,0,1,0,0,0,0,0,0,0,0,0,0,0,0,0,0,0,0,0,0,0,0,0,0,0,0,0,0,0,0,0,0,0
4092,"Falcon Complex New Malir, Malir",Malir,House,4,5,350,71,1/1/2021,3,,,,0,1,0,0,1,0,0,1,0,1,1,1,1,0,0,0,0,0,0,0,0,0,0,0,0,0,0,0,0,0,0,0,0,0,0,0,0,0,0,0,0,0,0,0
4093,"Falcon Complex New Malir, Malir",Malir,House,4,5,350,71.5,1/1/2018,3,,,,0,1,0,0,1,0,0,1,0,1,1,1,1,0,0,0,0,0,0,0,0,0,0,0,0,0,0,0,0,0,0,0,0,0,0,0,0,0,0,0,0,0,0,0
4094,"Falcon Complex New Malir, Malir",Malir,House,5,5,500,81,1/1/2022,2,,,,0,0,0,0,0,0,0,1,0,0,0,0,0,0,0,0,0,0,0,0,0,0,0,0,0,0,0,0,0,0,0,0,0,0,0,0,0,0,0,0,0,0,0,0
4142,"Falcon Complex New Malir, Malir",Malir,House,5,5,500,81.5,1/1/2022,2,,,,0,0,0,0,0,0,0,1,0,1,0,0,0,0,1,1,0,0,0,0,0,0,0,0,0,0,0,0,0,0,0,0,0,0,0,0,0,0,0,0,0,0,0,0
4163,"Falcon Complex New Malir, Malir",Malir,House,4,5,350,69.5,1/1/2022,2,,,,0,0,1,0,1,0,0,1,1,1,0,0,0,0,0,0,0,0,0,0,0,0,0,0,0,0,0,0,0,0,0,0,0,0,0,0,0,0,0,0,0,0,0,0
4164,"Falcon Complex New Malir, Malir",Malir,House,5,5,500,85,1/1/2022,2,,,,0,1,1,1,1,1,0,1,1,1,0,0,0,0,0,0,0,0,0,0,0,0,0,0,0,0,0,0,0,0,0,0,0,0,0,0,0,0,0,0,0,0,0,0
4263,"Falcon Complex New Malir, Malir",Malir,House,5,5,500,83.5,,1,,,,0,0,0,0,1,0,0,1,1,0,1,0,0,0,1,0,0,0,0,0,0,0,0,0,0,0,0,0,0,0,0,0,0,0,0,0,0,0,0,0,0,0,0,0
4264,"Falcon Complex New Malir, Malir",Malir,House,5,5,500,85,,1,,,,0,0,0,0,1,0,0,1,1,0,1,0,0,0,1,0,0,0,0,0,0,0,0,0,0,0,0,0,0,0,0,0,0,0,0,0,0,0,0,0,0,0,0,0
4265,"Falcon Complex New Malir, Malir",Malir,House,5,5,500,83,,1,,,,0,0,0,0,1,0,0,1,1,0,1,0,0,0,1,0,0,0,0,0,0,0,0,0,0,0,0,0,0,0,0,0,0,0,0,0,0,0,0,0,0,0,0,0
4266,"Falcon Complex New Malir, Malir",Malir,House,5,5,500,81,,1,,,,0,0,0,0,1,0,0,1,1,0,1,0,0,0,1,0,0,0,0,0,0,0,0,0,0,0,0,0,0,0,0,0,0,0,0,0,0,0,0,0,0,0,0,0
4267,"Falcon Complex New Malir, Malir",Malir,House,5,5,500,80,,1,,,,0,0,0,0,1,0,0,1,1,0,1,0,0,0,1,0,0,0,0,0,0,0,0,0,0,0,0,0,0,0,0,0,0,0,0,0,0,0,0,0,0,0,0,0
4268,"Falcon Complex New Malir, Malir",Malir,House,5,5,500,82.5,,1,,,,0,0,0,0,1,0,0,1,1,0,1,0,0,0,1,0,0,0,0,0,0,0,0,0,0,0,0,0,0,0,0,0,0,0,0,0,0,0,0,0,0,0,0,0
4270,"Falcon Complex New Malir, Malir",Malir,House,4,4,350,72.5,,1,,,,0,0,0,0,1,0,0,1,1,0,1,0,0,0,1,0,0,0,0,0,0,0,0,0,0,0,0,0,0,0,0,0,0,0,0,0,0,0,0,0,0,0,0,0
4314,"Falcon Complex New Malir, Malir",Malir,House,5,5,500,83.5,,1,,,,0,0,0,0,1,0,0,1,1,0,1,0,0,0,1,0,0,0,0,0,0,0,0,0,0,0,0,0,0,0,0,0,0,0,0,0,0,0,0,0,0,0,0,0
4315,"Falcon Complex New Malir, Malir",Malir,House,5,5,500,85,,1,,,,0,0,0,0,1,0,0,1,1,0,1,0,0,0,1,0,0,0,0,0,0,0,0,0,0,0,0,0,0,0,0,0,0,0,0,0,0,0,0,0,0,0,0,0
4316,"Falcon Complex New Malir, Malir",Malir,House,5,5,500,83,,1,,,,0,0,0,0,1,0,0,1,1,0,1,0,0,0,1,0,0,0,0,0,0,0,0,0,0,0,0,0,0,0,0,0,0,0,0,0,0,0,0,0,0,0,0,0
4317,"Falcon Complex New Malir, Malir",Malir,House,5,5,500,81,,1,,,,0,0,0,0,1,0,0,1,1,0,1,0,0,0,1,0,0,0,0,0,0,0,0,0,0,0,0,0,0,0,0,0,0,0,0,0,0,0,0,0,0,0,0,0
4318,"Falcon Complex New Malir, Malir",Malir,House,5,5,500,80,,1,,,,0,0,0,0,1,0,0,1,1,0,1,0,0,0,1,0,0,0,0,0,0,0,0,0,0,0,0,0,0,0,0,0,0,0,0,0,0,0,0,0,0,0,0,0
4319,"Falcon Complex New Malir, Malir",Malir,House,5,5,500,82.5,,1,,,,0,0,0,0,1,0,0,1,1,0,1,0,0,0,1,0,0,0,0,0,0,0,0,0,0,0,0,0,0,0,0,0,0,0,0,0,0,0,0,0,0,0,0,0
4338,"Falcon Complex New Malir, Malir",Malir,House,4,4,350,72.5,,1,,,,0,0,0,0,1,0,0,1,1,0,1,0,0,0,1,0,0,0,0,0,0,0,0,0,0,0,0,0,0,0,0,0,0,0,0,0,0,0,0,0,0,0,0,0
4339,"Falcon Complex New Malir, Malir",Malir,House,4,4,350,72,,1,,,,0,0,0,0,1,0,0,1,1,0,1,0,0,0,1,0,0,0,0,0,0,0,0,0,0,0,0,0,0,0,0,0,0,0,0,0,0,0,0,0,0,0,0,0
4340,"Falcon Complex New Malir, Malir",Malir,House,4,4,350,70,,1,,,,0,0,0,0,1,0,0,1,1,0,1,0,0,0,1,0,0,0,0,0,0,0,0,0,0,0,0,0,0,0,0,0,0,0,0,0,0,0,0,0,0,0,0,0
4341,"Falcon Complex New Malir, Malir",Malir,House,4,4,350,68.5,,1,,,,0,0,0,0,1,0,0,1,1,0,1,0,0,0,1,0,0,0,0,0,0,0,0,0,0,0,0,0,0,0,0,0,0,0,0,0,0,0,0,0,0,0,0,0
4342,"Falcon Complex New Malir, Malir",Malir,House,4,4,350,67.5,,1,,,,0,0,0,0,1,0,0,1,1,0,1,0,0,0,1,0,0,0,0,0,0,0,0,0,0,0,0,0,0,0,0,0,0,0,0,0,0,0,0,0,0,0,0,0
4343,"Falcon Complex New Malir, Malir",Malir,House,4,4,350,71,,1,,,,0,0,0,0,1,0,0,1,1,0,1,0,0,0,1,0,0,0,0,0,0,0,0,0,0,0,0,0,0,0,0,0,0,0,0,0,0,0,0,0,0,0,0,0
4424,"Falcon Complex New Malir, Malir",Malir,House,5,5,500,85,1/1/2022,2,,,,0,1,0,0,0,0,0,1,0,1,1,1,1,0,0,0,0,0,0,0,0,0,0,0,0,0,0,0,0,0,0,0,0,0,0,0,0,0,0,0,0,0,0,0
4532,"Falcon Complex New Malir, Malir",Malir,House,5,5,500,92.5,,1,,,,0,0,0,0,1,1,0,0,0,1,1,0,0,0,1,0,0,0,0,0,0,0,1,0,0,0,0,0,0,0,1,0,0,0,0,0,0,0,0,0,0,0,0,0
5371,"Falcon Complex New Malir, Malir",Malir,House,4,5,350,85,1/1/2022,4,,,,0,0,0,0,0,0,0,1,0,1,0,0,0,0,0,0,0,0,0,0,0,0,0,0,0,0,0,0,0,0,0,0,0,0,0,0,0,0,0,0,0,0,0,0
5393,"Falcon Complex New Malir, Malir",Malir,House,4,5,350,85,1/1/2022,4,,,,0,0,0,0,0,0,0,1,0,1,0,0,0,0,0,0,0,0,0,0,0,0,0,0,0,0,0,0,0,0,0,0,0,0,0,0,0,0,0,0,0,0,0,0
5764,"Falcon Complex New Malir, Malir",Malir,House,5,5,500,95,,1,,,,0,0,0,0,1,0,0,0,0,1,1,0,0,1,1,0,0,0,0,0,0,0,1,1,0,0,0,1,0,0,1,0,0,0,0,0,0,0,0,0,0,0,0,0
6068,"Falcon Complex New Malir, Malir",Malir,House,5,5,500,85,,1,,,,0,0,0,0,1,0,0,1,1,0,1,0,0,0,1,0,0,0,0,0,0,0,0,0,0,0,0,0,0,0,0,0,0,0,0,0,0,0,0,0,0,0,0,0
6069,"Falcon Complex New Malir, Malir",Malir,House,,,500,78.5,,0,,,,0,0,0,0,0,0,0,1,1,0,0,0,0,0,0,0,0,0,0,0,0,0,0,0,0,0,0,0,0,0,0,0,0,0,1,1,1,1,1,1,1,1,0,0
6070,"Falcon Complex New Malir, Malir",Malir,House,,,500,82.5,,0,,,,0,0,0,0,0,0,0,1,1,0,0,0,0,0,0,0,0,0,0,0,0,0,0,0,0,0,0,0,0,0,0,0,0,0,1,1,1,1,1,1,1,1,0,0
6071,"Falcon Complex New Malir, Malir",Malir,House,,,500,80,,0,,,,0,0,0,0,0,0,0,1,1,0,0,0,0,0,0,0,0,0,0,0,0,0,0,0,0,0,0,0,0,0,0,0,0,0,1,1,1,1,1,1,1,1,0,0
6072,"Falcon Complex New Malir, Malir",Malir,House,5,5,500,81.5,,1,,,,0,0,0,0,1,0,0,1,1,0,1,0,0,0,1,0,0,0,0,0,0,0,0,0,0,0,0,0,0,0,0,0,0,0,0,0,0,0,0,0,0,0,0,0
6073,"Falcon Complex New Malir, Malir",Malir,House,5,6,500,79.5,,1,,,,0,0,0,0,1,0,0,1,1,0,1,0,0,0,1,0,0,0,0,0,0,0,0,0,0,0,0,0,0,0,0,0,0,0,0,0,0,0,0,0,0,0,0,0
6091,"Falcon Complex New Malir, Malir",Malir,House,4,4,350,69,,1,,,,0,0,0,0,1,0,0,1,1,0,1,0,0,0,1,0,0,0,0,0,0,0,0,0,0,0,0,0,0,0,0,0,0,0,0,0,0,0,0,0,0,0,0,0
6092,"Falcon Complex New Malir, Malir",Malir,House,4,4,350,70,,1,,,,0,0,0,0,1,0,0,1,1,0,1,0,0,0,1,0,0,0,0,0,0,0,0,0,0,0,0,0,0,0,0,0,0,0,0,0,0,0,0,0,0,0,0,0
6093,"Falcon Complex New Malir, Malir",Malir,House,4,4,350,71.5,,1,,,,0,0,0,0,1,0,0,1,1,0,1,0,0,0,1,0,0,0,0,0,0,0,0,0,0,0,0,0,0,0,0,0,0,0,0,0,0,0,0,0,0,0,0,0
6094,"Falcon Complex New Malir, Malir",Malir,House,4,4,350,72,,1,,,,0,0,0,0,1,0,0,1,1,0,1,0,0,0,1,0,0,0,0,0,0,0,0,0,0,0,0,0,0,0,0,0,0,0,0,0,0,0,0,0,0,0,0,0
6095,"Falcon Complex New Malir, Malir",Malir,House,4,4,350,71,,1,,,,0,0,0,0,1,0,0,1,1,0,1,0,0,0,1,0,0,0,0,0,0,0,0,0,0,0,0,0,0,0,0,0,0,0,0,0,0,0,0,0,0,0,0,0
6096,"Falcon Complex New Malir, Malir",Malir,House,5,5,500,83.5,,1,,,,0,0,0,0,1,0,0,1,1,0,1,0,0,0,1,0,0,0,0,0,0,0,0,0,0,0,0,0,0,0,0,0,0,0,0,0,0,0,0,0,0,0,0,0
6097,"Falcon Complex New Malir, Malir",Malir,House,5,5,500,82,,1,,,,0,0,0,0,1,0,0,1,1,0,1,0,0,0,1,0,0,0,0,0,0,0,0,0,0,0,0,0,0,0,0,0,0,0,0,0,0,0,0,0,0,0,0,0
6098,"Falcon Complex New Malir, Malir",Malir,House,5,5,500,80,,1,,,,0,0,0,0,1,0,0,1,1,0,1,0,0,0,1,0,0,0,0,0,0,0,0,0,0,0,0,0,0,0,0,0,0,0,0,0,0,0,0,0,0,0,0,0
6116,"Falcon Complex New Malir, Malir",Malir,House,,,500,73,,0,,,,0,0,0,0,0,0,0,1,1,0,0,0,0,0,0,0,0,0,0,0,0,0,0,0,0,0,0,0,0,0,0,0,0,0,1,1,1,1,1,1,1,1,0,0
6117,"Falcon Complex New Malir, Malir",Malir,House,,,500,72,,0,,,,0,0,0,0,0,0,0,1,1,0,0,0,0,0,0,0,0,0,0,0,0,0,0,0,0,0,0,0,0,0,0,0,0,0,1,1,1,1,1,1,1,1,0,0
6118,"Falcon Complex New Malir, Malir",Malir,House,5,5,500,88.5,,1,,,,0,0,0,0,1,0,0,1,1,0,1,0,0,0,1,0,0,0,0,0,0,0,0,0,0,0,0,0,0,0,0,0,0,0,0,0,0,0,0,0,0,0,0,0
6119,"Falcon Complex New Malir, Malir",Malir,House,5,5,500,90,,1,,,,0,0,0,0,1,0,0,1,1,0,1,0,0,0,1,0,0,0,0,0,0,0,0,0,0,0,0,0,0,0,0,0,0,0,0,0,0,0,0,0,0,0,0,0
6120,"Falcon Complex New Malir, Malir",Malir,House,5,5,500,87,,1,,,,0,0,0,0,1,0,0,1,1,0,1,0,0,0,1,0,0,0,0,0,0,0,0,0,0,0,0,0,0,0,0,0,0,0,0,0,0,0,0,0,0,0,0,0
6121,"Falcon Complex New Malir, Malir",Malir,House,5,5,500,93,,1,,,,0,0,0,0,1,0,0,1,1,0,1,0,0,0,1,0,0,0,0,0,0,0,0,0,0,0,0,0,0,0,0,0,0,0,0,0,0,0,0,0,0,0,0,0
6122,"Falcon Complex New Malir, Malir",Malir,House,5,5,500,91.5,,1,,,,0,0,0,0,1,0,0,1,1,0,1,0,0,0,1,0,0,0,0,0,0,0,0,0,0,0,0,0,0,0,0,0,0,0,0,0,0,0,0,0,0,0,0,0
6123,"Falcon Complex New Malir, Malir",Malir,House,5,5,500,95,,1,,,,0,0,0,0,1,0,0,1,1,0,1,0,0,0,1,0,0,0,0,0,0,0,0,0,0,0,0,0,0,0,0,0,0,0,0,0,0,0,0,0,0,0,0,0
6141,"Falcon Complex New Malir, Malir",Malir,House,4,4,350,71,,1,,,,0,0,0,0,1,0,0,1,1,0,1,0,0,0,1,0,0,0,0,0,0,0,0,0,0,0,0,0,0,0,0,0,0,0,0,0,0,0,0,0,0,0,0,0
6142,"Falcon Complex New Malir, Malir",Malir,House,5,5,500,83.5,,1,,,,0,0,0,0,1,0,0,1,1,0,1,0,0,0,1,0,0,0,0,0,0,0,0,0,0,0,0,0,0,0,0,0,0,0,0,0,0,0,0,0,0,0,0,0
6143,"Falcon Complex New Malir, Malir",Malir,House,5,5,500,82,,1,,,,0,0,0,0,1,0,0,1,1,0,1,0,0,0,1,0,0,0,0,0,0,0,0,0,0,0,0,0,0,0,0,0,0,0,0,0,0,0,0,0,0,0,0,0
6144,"Falcon Complex New Malir, Malir",Malir,House,5,5,500,80,,1,,,,0,0,0,0,1,0,0,1,1,0,1,0,0,0,1,0,0,0,0,0,0,0,0,0,0,0,0,0,0,0,0,0,0,0,0,0,0,0,0,0,0,0,0,0
6145,"Falcon Complex New Malir, Malir",Malir,House,5,6,500,82.5,,1,,,,0,0,0,0,1,0,0,1,1,0,1,0,0,0,1,0,0,0,0,0,0,0,0,0,0,0,0,0,0,0,0,0,0,0,0,0,0,0,0,0,0,0,0,0
6146,"Falcon Complex New Malir, Malir",Malir,House,,,500,77,,0,,,,0,0,0,0,0,0,0,1,1,0,0,0,0,0,0,0,0,0,0,0,0,0,0,0,0,0,0,0,0,0,0,0,0,0,1,1,1,1,1,1,1,1,0,0
6147,"Falcon Complex New Malir, Malir",Malir,House,,,500,75.5,,0,,,,0,0,0,0,0,0,0,1,1,0,0,0,0,0,0,0,0,0,0,0,0,0,0,0,0,0,0,0,0,0,0,0,0,0,1,1,1,1,1,1,1,1,0,0
6148,"Falcon Complex New Malir, Malir",Malir,House,,,500,75,,0,,,,0,0,0,0,0,0,0,1,1,0,0,0,0,0,0,0,0,0,0,0,0,0,0,0,0,0,0,0,0,0,0,0,0,0,1,1,1,1,1,1,1,1,0,0
6174,"Falcon Complex New Malir, Malir",Malir,House,4,4,350,73,,1,,,,0,0,0,0,1,0,0,1,1,0,1,0,0,0,1,0,0,0,0,0,0,0,0,0,0,0,0,0,0,0,0,0,0,0,0,0,0,0,0,0,0,0,0,0
6175,"Falcon Complex New Malir, Malir",Malir,House,4,4,350,75,,1,,,,0,0,0,0,1,0,0,1,1,0,1,0,0,0,1,0,0,0,0,0,0,0,0,0,0,0,0,0,0,0,0,0,0,0,0,0,0,0,0,0,0,0,0,0
6176,"Falcon Complex New Malir, Malir",Malir,House,4,4,350,68,,1,,,,0,0,0,0,1,0,0,1,1,0,1,0,0,0,1,0,0,0,0,0,0,0,0,0,0,0,0,0,0,0,0,0,0,0,0,0,0,0,0,0,0,0,0,0
6178,"Falcon Complex New Malir, Malir",Malir,House,4,4,350,72.5,,1,,,,0,0,0,0,1,0,0,1,1,0,1,0,0,0,1,0,0,0,0,0,0,0,0,0,0,0,0,0,0,0,0,0,0,0,0,0,0,0,0,0,0,0,0,0
6179,"Falcon Complex New Malir, Malir",Malir,House,4,4,350,73.5,,1,,,,0,0,0,0,1,0,0,1,1,0,1,0,0,0,1,0,0,0,0,0,0,0,0,0,0,0,0,0,0,0,0,0,0,0,0,0,0,0,0,0,0,0,0,0
6264,"Falcon Complex New Malir, Malir",Malir,House,5,5,500,79.5,1/1/2021,2,,,,0,1,1,0,1,0,0,1,1,1,0,0,0,0,0,0,0,0,0,0,0,0,0,0,0,0,0,0,0,0,0,0,0,0,0,0,0,0,0,0,0,0,0,0
6270,"Falcon Complex New Malir, Malir",Malir,House,4,5,350,71,,3,,,,0,0,0,0,1,0,0,1,0,0,0,0,1,0,1,1,0,0,0,0,0,0,0,0,0,0,0,0,0,0,0,0,0,0,0,0,0,0,0,0,0,0,0,0
6274,"Falcon Complex New Malir, Malir",Malir,House,5,5,500,81.5,1/1/2020,2,,,,0,0,0,0,1,0,0,1,0,1,1,0,0,0,1,0,0,0,0,0,0,0,0,0,0,0,0,0,0,0,0,0,0,0,0,0,0,0,0,0,0,0,0,0
62,"DHA Phase 7, DHA Defence",DHA Defence,House,6,6,500,115,,3,,,,0,0,0,0,1,0,0,1,1,1,0,0,0,0,1,0,0,0,0,0,0,0,0,0,0,0,0,0,0,0,0,0,0,0,0,0,0,0,0,0,0,0,0,0
83,"DHA Phase 7, DHA Defence",,Flat,4,,,28.5,1/1/2027,0,,,,1,1,0,0,0,0,0,1,1,1,1,0,0,0,0,0,0,0,0,0,0,0,0,0,0,0,0,0,0,0,0,0,0,0,0,0,0,0,0,0,0,0,0,0
111,"DHA Phase 7, DHA Defence",DHA Defence,House,6,6,500,140,1/1/2019,3,,,,0,0,0,0,0,0,0,1,1,1,1,0,1,1,1,0,0,1,1,1,0,1,1,1,1,1,1,1,1,1,1,1,0,0,1,1,1,1,1,1,0,0,0,0
239,"DHA Phase 7, DHA Defence",DHA Defence,House,5,5,500,82.5,,0,,,,0,1,1,1,1,0,0,1,0,1,1,1,1,0,1,1,0,0,0,0,0,0,0,0,0,0,0,0,0,0,0,0,0,0,0,0,0,0,0,0,0,0,0,0
315,"DHA Phase 7, DHA Defence",DHA Defence,House,3,4,500,80,,0,,,,0,1,1,1,1,0,0,1,1,1,0,0,0,0,0,0,0,0,0,0,0,0,0,0,0,0,0,0,0,0,0,0,0,0,0,0,0,0,0,0,0,0,0,0
409,"DHA Phase 7, DHA Defence",DHA Defence,House,4,5,500,95,,2,,,,0,1,1,1,0,0,0,1,1,1,1,1,1,0,0,0,0,0,0,0,0,0,0,0,0,0,0,0,0,0,0,0,0,0,0,0,0,0,0,0,0,0,0,0
444,"DHA Phase 7, DHA Defence",DHA Defence,House,5,6,500,68,,5,,,,0,0,0,0,0,0,0,1,1,1,0,0,0,0,0,0,0,0,0,0,0,0,0,0,0,0,0,0,0,0,0,0,0,0,0,0,0,0,0,0,0,0,0,0
548,"DHA Phase 7, DHA Defence",DHA Defence,House,5,6,500,107.5,,3,,,,0,0,0,0,1,0,0,1,1,1,0,0,0,0,1,0,0,1,1,1,0,0,1,0,0,1,1,1,1,1,1,0,0,0,1,1,1,1,1,1,1,0,0,0
555,"DHA Phase 7, DHA Defence",DHA Defence,House,6,6,500,140,1/1/2000,3,,,,0,1,0,0,0,0,0,0,0,1,0,0,1,0,0,0,0,1,1,0,0,0,0,0,0,0,0,0,0,0,0,0,0,0,0,0,0,0,0,0,0,0,0,0
571,"DHA Phase 7, DHA Defence",DHA Defence,House,7,6,500,100,,3,,,,0,0,0,0,1,0,0,1,1,1,0,0,0,0,1,1,0,0,0,0,0,0,0,0,0,0,0,0,0,0,0,0,0,0,0,0,0,0,0,0,0,0,0,0
609,"DHA Phase 7, DHA Defence",DHA Defence,House,5,,500,85,1/1/2002,4,,,,0,0,0,0,0,0,0,1,0,0,0,0,0,0,0,0,0,0,0,0,0,0,0,0,0,0,0,0,0,0,0,0,0,0,0,0,0,0,0,0,0,0,0,0
833,"DHA Phase 7, DHA Defence",DHA Defence,House,5,6,500,85,,2,,,,0,0,0,0,0,0,0,1,0,1,0,0,0,0,0,0,0,0,0,0,0,0,0,0,0,0,0,0,0,0,0,0,0,0,0,0,0,0,0,0,0,0,0,0
1159,"DHA Phase 7, DHA Defence",DHA Defence,House,6,6,580,120,,3,,,,0,0,0,0,0,0,0,1,0,1,1,0,0,0,1,1,0,0,0,0,0,0,0,0,0,0,0,0,0,0,0,0,0,0,1,1,1,1,1,1,0,0,0,0
1184,"DHA Phase 7, DHA Defence",DHA Defence,House,5,5,300,87.5,,3,,,,0,0,0,0,0,0,0,1,0,1,0,0,0,0,1,1,0,0,0,0,0,0,0,0,0,0,0,0,0,0,0,0,0,0,1,1,1,1,1,1,0,0,0,0
1234,"DHA Phase 7, DHA Defence",DHA Defence,House,6,6,530,75,1/1/2000,0,,,,0,0,0,0,0,0,0,1,0,1,0,0,1,0,0,0,0,0,0,0,0,0,0,0,0,0,0,0,0,0,0,0,0,0,0,0,0,0,0,0,0,0,0,0
1267,"DHA Phase 7, DHA Defence",DHA Defence,House,6,6,500,140,,0,,,,0,0,0,0,0,0,0,1,1,0,0,0,0,0,0,0,0,0,0,0,0,0,0,0,0,0,0,0,0,0,0,0,0,0,1,1,1,1,1,0,0,0,0,0
1332,"DHA Phase 7, DHA Defence",DHA Defence,House,5,6,500,150,1/1/2023,3,,,,0,0,0,0,0,0,0,1,1,1,0,0,0,0,0,0,0,0,0,0,0,0,0,0,0,0,0,0,0,0,0,0,0,0,1,1,1,1,1,0,0,0,0,0
1351,"DHA Phase 7, DHA Defence",DHA Defence,House,4,5,250,65,,0,,,,0,0,0,0,0,0,0,1,1,0,0,0,1,0,1,0,0,0,0,0,0,0,0,0,0,0,0,0,0,0,0,0,0,0,1,1,1,1,1,0,0,0,0,0
1406,"DHA Phase 7, DHA Defence",DHA Defence,House,6,6,500,140,,0,,,,0,0,0,0,0,0,0,0,0,0,0,0,0,0,0,0,0,0,0,0,0,0,0,0,0,0,0,0,0,0,0,0,0,0,0,0,0,0,0,0,0,0,0,0
1415,"DHA Phase 7, DHA Defence",DHA Defence,House,4,4,300,67.5,,0,,,,0,0,0,0,1,0,0,1,1,0,0,0,0,0,0,0,0,0,0,0,0,0,0,0,0,0,0,0,0,0,0,0,0,0,1,1,1,1,1,0,0,0,0,0
1524,"DHA Phase 7, DHA Defence",DHA Defence,House,6,,600,110,,0,,,,0,0,0,0,0,0,0,0,0,0,0,0,0,0,0,0,0,0,0,0,0,0,0,0,0,0,0,0,0,0,0,0,0,0,0,0,0,0,0,0,0,0,0,0
1648,"DHA Phase 7, DHA Defence",DHA Defence,House,6,6,500,140,,0,,,,0,0,0,0,0,0,0,0,0,0,0,0,0,0,0,0,0,0,0,0,0,0,0,0,0,0,0,0,0,0,0,0,0,0,0,0,0,0,0,0,0,0,0,0
1686,"DHA Phase 7, DHA Defence",DHA Defence,House,4,4,500,95,,0,,,,0,1,1,1,1,1,0,1,1,1,0,0,0,0,0,0,0,0,0,0,0,0,0,0,0,0,0,0,0,0,0,0,0,0,0,0,0,0,0,0,0,0,0,0
1774,"DHA Phase 7, DHA Defence",DHA Defence,House,10,10,500,118.5,1/1/2005,6,,,,0,1,1,1,1,0,0,1,1,1,0,0,0,0,0,0,0,0,0,0,0,0,0,0,0,0,0,0,0,0,0,0,0,0,0,0,0,0,0,0,0,0,0,0
1787,"DHA Phase 7, DHA Defence",DHA Defence,House,5,5,500,66.5,1/1/2000,4,,,,0,0,0,0,0,0,0,1,1,1,1,0,0,0,0,0,0,0,1,1,0,0,0,0,0,0,0,0,0,0,0,0,0,0,0,0,0,0,0,0,0,0,0,0
1837,"DHA Phase 7, DHA Defence",DHA Defence,House,4,5,500,97.5,,2,,,,0,0,0,0,0,0,0,1,1,1,0,0,0,0,0,0,0,0,0,0,0,0,0,0,0,0,0,0,0,0,0,0,0,0,0,0,0,0,0,0,0,0,0,0
2157,"DHA Phase 7, DHA Defence",DHA Defence,House,4,5,300,79,,0,,,,0,0,0,0,0,0,0,1,1,1,0,0,0,0,0,0,0,0,0,0,0,0,0,0,0,0,0,0,0,0,0,0,0,0,0,0,0,0,0,0,0,0,0,0
2203,"DHA Phase 7, DHA Defence",DHA Defence,House,5,6,500,105,,0,,,,0,1,1,1,0,0,0,1,1,1,1,1,1,0,0,0,0,0,0,0,0,0,0,0,0,0,0,0,0,0,0,0,0,0,0,0,0,0,0,0,0,0,0,0
2308,"DHA Phase 7, DHA Defence",DHA Defence,House,6,6,500,140,1/1/2023,0,,,,0,0,0,0,0,0,0,1,0,1,1,0,1,0,0,0,0,0,0,0,0,0,0,0,0,0,0,0,0,0,0,0,0,0,0,0,0,0,0,0,0,0,0,0
2370,"DHA Phase 7, DHA Defence",DHA Defence,House,5,5,500,95,,0,,,,0,0,0,0,0,0,0,1,0,1,0,0,0,0,0,0,0,0,0,0,0,0,0,0,0,0,0,0,0,0,0,0,0,0,0,0,0,0,0,0,0,0,0,0
2389,"DHA Phase 7, DHA Defence",DHA Defence,House,4,4,300,71.5,,0,,,,0,0,0,0,1,0,0,1,1,0,0,0,0,0,0,0,0,1,1,0,0,0,0,0,0,0,0,0,0,0,0,0,0,0,1,1,1,0,0,0,0,0,0,0
2392,"DHA Phase 7, DHA Defence",DHA Defence,House,5,6,500,87.5,,0,,,,0,0,0,0,1,0,0,1,1,0,0,0,0,0,0,0,0,0,0,0,0,0,0,0,0,0,0,0,0,0,0,0,0,0,1,1,1,1,1,0,0,0,0,0
2424,"DHA Phase 7, DHA Defence",DHA Defence,House,6,6,500,87.5,,6,,,,0,1,1,0,0,0,0,1,1,1,1,1,1,0,0,0,0,0,0,0,0,0,0,0,0,0,0,0,0,0,0,0,0,0,0,0,0,0,0,0,0,0,0,0
2678,"DHA Phase 7, DHA Defence",DHA Defence,House,4,4,500,83.5,,0,,,,0,0,0,0,0,0,0,0,0,1,0,0,0,0,1,0,0,1,1,1,0,0,0,0,0,0,0,0,0,0,1,0,0,0,0,0,0,0,0,0,0,0,0,0
2737,"DHA Phase 7, DHA Defence",DHA Defence,House,5,5,500,100,,3,,,,0,0,0,0,1,0,0,1,1,1,0,0,0,0,1,0,0,0,0,0,0,0,0,0,0,0,0,0,0,0,0,0,0,0,0,0,0,0,0,0,0,0,0,0
2797,"DHA Phase 7, DHA Defence",DHA Defence,House,,,500,95,,0,,,,0,1,1,1,1,1,0,1,1,0,1,1,1,1,0,0,0,0,0,0,0,0,0,0,0,0,0,0,0,0,0,0,0,0,0,0,0,0,0,0,0,0,0,0
94,"DHA Phase 5, DHA Defence",DHA Defence,Flat,2,2,106,7.5,1/1/2022,2,,,,0,0,0,0,0,0,0,1,1,1,1,1,0,0,0,0,0,0,0,0,0,0,0,0,0,0,0,0,0,0,0,0,0,0,0,0,0,0,0,0,0,0,0,0
233,"DHA Phase 5, DHA Defence",DHA Defence,Flat,3,3,122,12.5,,0,,,,0,0,0,0,0,0,0,0,0,0,0,0,0,0,1,0,0,0,0,0,0,0,0,0,0,0,0,0,0,0,0,0,0,0,0,0,0,0,0,0,0,0,0,0
314,"DHA Phase 5, DHA Defence",DHA Defence,House,6,7,1000,192.5,1/1/2011,0,,,,0,1,0,0,1,1,0,1,1,1,0,0,0,0,0,0,0,0,0,0,0,0,0,0,0,0,0,0,0,0,0,0,0,0,0,0,0,0,0,0,0,0,0,0
410,"DHA Phase 5, DHA Defence",DHA Defence,House,6,6,500,165,1/1/2022,3,,,,0,1,1,1,1,0,0,1,1,1,1,1,1,1,1,1,0,1,1,1,0,0,0,0,0,0,0,0,0,0,0,0,0,0,0,0,0,0,0,0,0,0,0,0
433,"DHA Phase 5, DHA Defence",DHA Defence,House,5,5,400,80,,2,,,,0,0,0,0,0,0,0,1,0,1,0,0,0,0,1,0,0,0,0,0,0,0,0,0,0,0,0,0,0,0,0,0,0,0,1,1,1,1,1,1,0,0,0,0
447,"DHA Phase 5, DHA Defence",DHA Defence,House,5,6,500,155,1/1/2023,5,,,,0,1,1,1,1,0,0,1,1,1,1,0,1,0,1,1,0,1,1,1,0,0,0,0,0,0,0,0,0,0,0,0,0,0,0,0,0,0,0,0,0,0,0,0
500,"DHA Phase 5, DHA Defence",DHA Defence,House,5,5,500,135,1/1/2022,3,,,,0,0,0,0,0,0,0,1,1,1,1,0,1,0,1,0,0,0,0,0,0,0,0,0,0,0,0,0,0,0,0,0,0,0,1,1,1,1,1,0,0,0,0,0
504,"DHA Phase 5, DHA Defence",DHA Defence,House,5,6,400,80,1/1/2015,4,,,,0,0,0,0,0,0,0,1,1,1,0,0,0,0,0,0,0,0,0,0,0,0,0,0,0,0,0,0,0,0,0,0,0,0,0,0,0,0,0,0,0,0,0,0
533,"DHA Phase 5, DHA Defence",DHA Defence,House,5,5,680,135,,4,,,,0,0,0,0,1,1,0,1,1,1,0,0,0,0,1,0,0,0,0,0,0,0,0,0,0,0,0,0,0,0,0,0,0,0,0,0,0,0,0,0,0,0,0,0
569,"DHA Phase 5, DHA Defence",DHA Defence,House,6,6,500,155,1/1/2020,3,,,,0,0,0,0,1,0,0,1,1,1,0,0,0,0,0,0,0,0,0,0,0,0,0,0,0,0,0,0,0,0,0,0,0,0,0,0,0,0,0,0,0,0,0,0
631,"DHA Phase 5, DHA Defence",DHA Defence,Flat,3,4,183,20,,0,4,1,,1,1,1,1,0,0,1,1,1,1,0,0,0,0,0,0,0,0,0,0,0,0,0,0,0,0,0,0,0,0,0,0,0,0,0,0,0,0,0,0,0,0,0,0
776,"DHA Phase 5, DHA Defence",DHA Defence,House,5,5,670,135,,5,,,,0,0,0,0,0,0,0,1,0,1,0,0,1,0,1,0,0,0,0,0,0,0,0,0,0,0,0,0,0,0,0,0,0,0,1,1,1,1,1,1,0,0,0,0
908,"DHA Phase 5, DHA Defence",DHA Defence,House,6,6,500,140,1/1/2022,3,,,,0,1,1,1,1,0,0,1,1,1,0,0,0,0,0,0,0,0,0,0,0,0,0,0,0,0,0,0,0,0,0,0,0,0,0,0,0,0,0,0,0,0,0,0
1262,"DHA Phase 5, DHA Defence",DHA Defence,House,4,5,500,84.5,,3,,,,0,0,0,0,0,0,0,1,0,1,0,0,0,0,0,0,0,0,0,0,0,0,0,0,0,0,0,0,0,0,1,0,0,0,0,0,0,0,0,0,0,0,0,0
1268,"DHA Phase 5, DHA Defence",DHA Defence,House,6,6,500,155,,0,,,,0,0,0,0,0,0,0,1,1,0,0,0,0,0,0,0,0,0,0,0,0,0,0,0,0,0,0,0,0,0,0,0,0,0,1,1,1,1,1,0,0,0,0,0
1317,"DHA Phase 5, DHA Defence",DHA Defence,House,7,8,1000,270,1/1/2022,4,,,,0,0,0,0,0,0,0,0,0,1,1,0,1,0,1,0,0,0,0,0,0,0,0,0,0,0,0,0,0,0,0,0,0,0,0,0,0,0,0,0,0,0,0,0
1318,"DHA Phase 5, DHA Defence",DHA Defence,House,5,5,500,130,,1,,,,0,0,0,0,0,0,0,1,0,1,1,0,1,0,1,0,0,0,0,0,0,0,0,0,0,0,0,0,0,0,0,0,0,0,1,1,1,1,1,1,0,0,0,0
1325,"DHA Phase 5, DHA Defence",DHA Defence,House,6,6,1000,260,,5,,,,0,1,1,1,1,0,0,1,1,1,0,0,0,0,0,0,0,0,0,0,0,0,0,0,0,0,0,0,0,0,0,0,0,0,0,0,0,0,0,0,0,0,0,0
1401,"DHA Phase 5, DHA Defence",DHA Defence,House,,5,500,85,,0,,,,0,0,0,0,0,0,0,0,0,0,0,0,0,0,0,0,0,0,0,0,0,0,0,0,0,0,0,0,0,0,0,0,0,0,0,0,0,0,0,0,0,0,0,0
1411,"DHA Phase 5, DHA Defence",DHA Defence,Flat,2,2,106,6.6,,0,,,,1,0,1,0,0,0,0,1,1,0,0,0,0,0,1,0,0,1,1,0,0,0,0,0,0,0,0,0,0,0,0,0,0,0,0,0,0,0,0,0,0,0,0,0
1416,"DHA Phase 5, DHA Defence",DHA Defence,Flat,3,3,194,20,,0,,,,0,0,0,0,1,0,0,1,1,0,0,0,0,0,0,0,0,0,0,0,0,0,0,0,0,0,0,0,0,0,0,0,0,0,1,1,1,1,1,0,0,0,0,0
1488,"DHA Phase 5, DHA Defence",DHA Defence,Flat,3,3,161,21,,1,5,1,,1,1,1,1,1,0,1,1,1,0,1,1,1,1,1,1,1,1,1,1,1,0,0,0,0,0,0,0,0,0,0,0,0,0,0,0,0,0,0,0,0,0,0,0
1799,"DHA Phase 5, DHA Defence",DHA Defence,House,4,4,2000,500,1/1/2004,0,,,,0,1,0,0,1,0,0,1,1,0,0,0,0,0,0,0,0,0,0,0,0,0,0,0,0,0,0,0,0,0,0,0,0,0,0,0,0,0,0,0,0,0,0,0
1821,"DHA Phase 5, DHA Defence",DHA Defence,Flat,4,4,278,24.8,,2,,,,1,0,0,1,0,0,0,1,1,1,0,0,0,0,1,0,0,0,0,0,0,0,0,0,0,0,0,0,0,0,0,0,0,0,0,0,0,0,0,0,0,0,0,0
1834,"DHA Phase 5, DHA Defence",DHA Defence,Flat,2,2,94,9,1/1/2018,2,4,2,,0,0,0,0,0,0,0,1,1,0,0,0,0,0,0,0,0,0,0,0,0,0,0,0,0,0,0,0,0,0,0,0,0,0,0,0,0,0,0,0,0,0,0,0
1836,"DHA Phase 5, DHA Defence",DHA Defence,House,4,5,1000,220,,4,,,,0,0,0,0,0,0,0,1,1,1,0,1,1,0,1,0,0,1,1,0,0,0,0,0,0,0,0,0,0,0,0,0,0,0,0,0,0,0,0,0,0,0,0,0
1999,"DHA Phase 5, DHA Defence",DHA Defence,Flat,3,3,222,31.5,,0,,,,0,0,0,0,0,0,0,1,0,1,0,0,0,0,1,0,1,1,1,0,0,0,0,0,0,0,0,0,0,0,0,0,0,0,0,0,0,0,0,0,0,0,0,0
2149,"DHA Phase 5, DHA Defence",DHA Defence,House,5,6,500,94,,0,,,,0,1,1,1,1,1,0,1,1,1,0,0,0,0,0,0,0,0,0,0,0,0,0,0,0,0,0,0,0,0,0,0,0,0,0,0,0,0,0,0,0,0,0,0
2343,"DHA Phase 5, DHA Defence",DHA Defence,House,6,8,1000,260,1/1/2022,6,,,,0,1,1,1,1,0,0,1,1,1,0,0,0,0,0,0,0,0,0,0,0,0,0,0,0,0,0,0,0,0,0,0,0,0,0,0,0,0,0,0,0,0,0,0
2363,"DHA Phase 5, DHA Defence",DHA Defence,House,6,6,800,250,1/1/2021,5,,,,0,1,1,1,1,0,0,0,0,1,1,1,1,1,0,0,0,0,0,0,0,0,0,0,0,0,0,0,0,0,0,0,0,0,0,0,0,0,0,0,0,0,0,0
2366,"DHA Phase 5, DHA Defence",DHA Defence,House,6,8,1000,350,1/1/2022,5,,,,0,1,1,0,0,0,0,1,1,1,1,1,1,1,1,1,0,1,1,0,0,0,0,0,0,0,0,0,0,0,1,1,1,1,0,0,0,0,0,0,1,1,0,0
2378,"DHA Phase 5, DHA Defence",DHA Defence,Flat,2,2,106,8.9,,0,4,,,0,0,0,0,0,0,0,1,0,0,0,0,0,0,0,0,0,0,0,0,0,0,0,0,0,0,0,0,0,0,0,0,0,0,0,0,0,0,0,0,0,0,0,0
2535,"DHA Phase 5, DHA Defence",DHA Defence,Flat,2,2,128,10.8,,0,,,,0,0,0,0,0,0,0,1,0,0,0,0,0,0,0,0,0,0,0,0,0,0,0,0,0,0,0,0,0,0,0,0,0,0,0,0,0,0,0,0,0,0,0,0
2655,"DHA Phase 5, DHA Defence",DHA Defence,House,5,5,568,115,,0,,,,0,1,1,1,1,1,0,1,1,1,1,1,1,1,0,0,0,0,0,0,0,0,0,0,0,0,0,0,0,0,0,0,0,0,0,0,0,0,0,0,0,0,0,0
2755,"DHA Phase 5, DHA Defence",DHA Defence,House,5,5,516,100,,0,,,,0,0,0,0,0,0,0,1,1,0,0,0,0,0,0,0,0,0,0,0,0,0,0,0,0,0,0,0,0,0,0,0,0,0,1,1,1,0,0,0,0,0,0,0
191,Navy Housing Scheme Karsaz,Navy Housing Scheme Karsaz,Flat,5,6,511,76,1/1/2019,0,,,,1,1,0,0,1,0,0,1,1,0,1,0,1,0,1,1,0,1,1,0,0,0,0,0,0,0,0,0,0,0,0,0,0,0,0,0,0,0,0,0,0,0,0,0
212,Navy Housing Scheme Karsaz,Navy Housing Scheme Karsaz,House,5,5,350,130,,0,,,,0,0,0,0,0,0,0,1,0,1,1,0,1,1,1,1,0,0,0,0,0,0,0,0,0,0,0,0,0,0,0,0,0,0,0,0,0,0,0,0,0,0,0,0
213,Navy Housing Scheme Karsaz,Navy Housing Scheme Karsaz,House,5,5,350,100,,0,,,,0,0,0,0,0,0,0,0,0,1,1,0,1,1,1,1,0,0,0,0,0,0,1,1,0,0,0,0,1,0,1,0,0,0,0,0,0,0,0,0,0,0,0,0
214,Navy Housing Scheme Karsaz,Navy Housing Scheme Karsaz,Flat,5,5,511,76,,0,,,,1,1,0,0,1,0,1,1,1,0,1,1,1,0,1,1,0,0,0,0,0,0,0,0,0,0,0,0,0,0,0,0,0,0,0,0,0,0,0,0,0,0,0,0
215,Navy Housing Scheme Karsaz,Navy Housing Scheme Karsaz,House,5,5,350,115,,0,,,,0,0,0,0,0,0,0,0,0,1,1,0,1,1,1,1,0,0,0,0,0,0,1,1,1,1,0,1,1,0,1,0,0,0,0,0,0,0,0,0,1,1,0,0
401,Navy Housing Scheme Karsaz,Navy Housing Scheme Karsaz,House,6,6,350,122.5,1/1/2008,6,,,,0,1,0,0,1,0,0,1,1,1,0,0,0,0,0,0,0,0,0,0,0,0,0,0,0,0,0,0,0,0,0,0,0,0,0,0,0,0,0,0,0,0,0,0
402,Navy Housing Scheme Karsaz,Navy Housing Scheme Karsaz,Flat,5,5,389,87.5,,0,,,,0,0,0,0,0,0,0,1,1,1,1,0,0,0,1,0,0,0,0,0,0,0,0,0,0,0,0,0,0,0,0,0,0,0,0,0,0,0,0,0,0,0,0,0
403,Navy Housing Scheme Karsaz,Navy Housing Scheme Karsaz,Flat,5,5,389,85,,0,,,,0,0,0,0,0,0,0,1,1,1,1,0,0,0,1,0,0,0,0,0,0,0,0,0,0,0,0,0,0,0,0,0,0,0,0,0,0,0,0,0,0,0,0,0
425,Navy Housing Scheme Karsaz,Navy Housing Scheme Karsaz,House,5,6,350,110,1/1/2017,0,,,,0,1,1,1,1,1,0,1,1,1,0,0,0,0,0,0,0,0,0,0,0,0,0,0,0,0,0,0,0,0,0,0,0,0,0,0,0,0,0,0,0,0,0,0
428,Navy Housing Scheme Karsaz,Navy Housing Scheme Karsaz,House,5,5,350,130,1/1/2012,2,,,,0,0,0,0,1,0,0,1,1,1,1,0,0,0,1,0,0,0,0,0,0,0,0,0,0,0,0,0,0,0,0,0,0,0,0,0,0,0,0,0,0,0,0,0
703,Navy Housing Scheme Karsaz,Navy Housing Scheme Karsaz,Flat,5,6,467,79,,0,,,,0,0,0,0,0,0,0,0,0,1,0,0,0,1,0,0,0,0,0,0,0,1,1,1,0,1,0,0,0,0,1,1,0,0,0,0,0,0,0,0,1,1,0,0
704,Navy Housing Scheme Karsaz,Navy Housing Scheme Karsaz,House,5,6,350,105,,0,,,,0,0,0,0,0,0,0,1,1,0,0,0,0,0,0,0,0,0,0,0,0,0,0,0,0,0,0,0,0,0,0,0,0,0,1,1,1,1,0,0,0,0,0,0
737,Navy Housing Scheme Karsaz,Navy Housing Scheme Karsaz,Flat,5,6,467,77.5,1/1/2021,0,9,,,1,0,0,0,1,0,1,1,1,1,0,0,0,0,0,0,0,0,0,0,0,0,0,0,0,0,0,0,0,0,0,0,0,0,0,0,0,0,0,0,0,0,0,0
756,Navy Housing Scheme Karsaz,Navy Housing Scheme Karsaz,Flat,4,4,467,78.5,,0,,,,0,0,0,0,1,0,0,1,1,0,0,0,0,1,0,0,0,1,1,0,0,1,1,1,0,0,0,0,0,0,1,1,0,0,0,0,0,0,0,0,0,0,0,0
1024,Navy Housing Scheme Karsaz,Navy Housing Scheme Karsaz,Flat,5,6,467,75,,0,,,,0,0,0,0,0,0,0,1,1,0,1,1,0,0,1,1,0,0,0,0,0,0,0,0,0,0,0,0,0,0,0,0,0,0,0,0,0,0,0,0,0,0,0,0
1043,Navy Housing Scheme Karsaz,Navy Housing Scheme Karsaz,Flat,,,513,75,,0,,,,1,1,1,1,1,1,1,1,1,0,1,1,1,1,0,0,0,0,0,0,0,0,0,0,0,0,0,0,0,0,0,0,0,0,0,0,0,0,0,0,0,0,0,0
1612,Navy Housing Scheme Karsaz,Navy Housing Scheme Karsaz,Flat,5,7,400,97.5,1/1/2021,0,9,2,,0,0,0,0,0,1,0,0,0,1,1,0,0,0,0,0,0,0,0,0,0,0,0,0,0,0,0,0,0,0,0,0,0,0,0,0,0,0,0,0,1,1,1,0
1811,Navy Housing Scheme Karsaz,Navy Housing Scheme Karsaz,House,,,350,95,,0,,,,1,1,1,1,1,1,1,1,1,0,1,1,1,1,0,0,0,0,0,0,0,0,0,0,0,0,0,0,0,0,0,0,0,0,0,0,0,0,0,0,0,0,0,0
1941,Navy Housing Scheme Karsaz,Navy Housing Scheme Karsaz,Flat,5,5,511,80,,0,,,,1,1,0,0,1,0,1,1,1,0,1,1,1,0,1,1,0,0,0,0,0,0,0,0,0,0,0,0,0,0,0,0,0,0,0,0,0,0,0,0,0,0,0,0
2081,Navy Housing Scheme Karsaz,Navy Housing Scheme Karsaz,House,5,6,350,125,1/1/2017,0,,,,0,1,1,1,1,1,0,1,1,1,0,0,0,0,0,0,0,0,0,0,0,0,0,0,0,0,0,0,0,0,0,0,0,0,0,0,0,0,0,0,0,0,0,0
2096,Navy Housing Scheme Karsaz,Navy Housing Scheme Karsaz,House,5,6,350,107.5,,0,,,,0,1,1,1,1,1,0,1,1,1,0,0,0,0,0,0,0,0,0,0,0,0,0,0,0,0,0,0,0,0,0,0,0,0,0,0,0,0,0,0,0,0,0,0
2198,Navy Housing Scheme Karsaz,Navy Housing Scheme Karsaz,House,5,6,350,105,,0,,,,0,0,0,0,0,0,0,1,1,0,1,1,1,0,1,1,0,0,0,0,0,0,0,0,0,0,0,0,0,0,0,0,0,0,0,0,0,0,0,0,0,0,0,0
2199,Navy Housing Scheme Karsaz,Navy Housing Scheme Karsaz,House,5,6,350,105,,0,,,,0,0,0,0,0,0,0,1,1,0,1,1,1,0,1,1,0,0,0,0,0,0,0,0,0,0,0,0,0,0,0,0,0,0,0,0,0,0,0,0,0,0,0,0
2200,Navy Housing Scheme Karsaz,Navy Housing Scheme Karsaz,House,5,6,350,105,,0,,,,0,0,0,0,0,0,0,1,1,0,1,1,1,0,1,1,0,0,0,0,0,0,0,0,0,0,0,0,0,0,0,0,0,0,0,0,0,0,0,0,0,0,0,0
2201,Navy Housing Scheme Karsaz,Navy Housing Scheme Karsaz,House,5,6,350,105,,0,,,,0,0,0,0,0,0,0,1,1,0,1,1,1,0,1,1,0,0,0,0,0,0,0,0,0,0,0,0,0,0,0,0,0,0,0,0,0,0,0,0,0,0,0,0
2202,Navy Housing Scheme Karsaz,Navy Housing Scheme Karsaz,House,5,6,350,105,,0,,,,0,0,0,0,0,0,0,1,1,0,1,1,1,0,1,1,0,0,0,0,0,0,0,0,0,0,0,0,0,0,0,0,0,0,0,0,0,0,0,0,0,0,0,0
2381,Navy Housing Scheme Karsaz,Navy Housing Scheme Karsaz,Flat,5,6,491,81.5,1/1/2021,0,9,2,,1,1,0,0,1,0,0,1,1,0,0,0,0,0,1,0,0,0,0,0,0,0,0,0,0,0,0,0,0,0,0,0,0,0,0,0,0,0,0,0,0,0,0,0
2634,Navy Housing Scheme Karsaz,Navy Housing Scheme Karsaz,House,5,6,350,99,,0,,,,0,0,0,0,1,0,0,1,0,1,1,0,0,0,0,0,0,0,0,0,0,0,0,0,0,0,0,0,0,0,0,0,0,0,0,0,0,0,0,0,0,0,0,0
2653,Navy Housing Scheme Karsaz,Navy Housing Scheme Karsaz,Flat,5,6,467,79,,0,,,,0,0,0,0,0,0,0,1,1,0,1,1,1,1,0,0,0,0,0,0,0,0,0,0,0,0,0,0,0,0,0,0,0,0,0,0,0,0,0,0,0,0,0,0
2654,Navy Housing Scheme Karsaz,Navy Housing Scheme Karsaz,Flat,5,6,467,79,,0,,,,0,0,0,0,0,0,0,1,1,0,1,1,1,1,0,0,0,0,0,0,0,0,0,0,0,0,0,0,0,0,0,0,0,0,0,0,0,0,0,0,0,0,0,0
2677,Navy Housing Scheme Karsaz,Navy Housing Scheme Karsaz,House,,,500,160,1/1/2020,3,,,,0,0,0,0,0,0,0,0,0,0,0,0,0,0,0,0,0,1,1,1,0,1,1,0,0,1,0,1,1,1,1,1,0,0,0,0,0,0,0,0,0,0,0,0
2679,Navy Housing Scheme Karsaz,Navy Housing Scheme Karsaz,Flat,5,6,467,79,,0,,,,0,0,0,0,0,0,0,1,1,0,1,1,1,1,0,0,0,0,0,0,0,0,0,0,0,0,0,0,0,0,0,0,0,0,0,0,0,0,0,0,0,0,0,0
2682,Navy Housing Scheme Karsaz,Navy Housing Scheme Karsaz,Flat,5,6,467,79,,0,,,,0,0,0,0,0,0,0,1,1,0,1,1,1,1,0,0,0,0,0,0,0,0,0,0,0,0,0,0,0,0,0,0,0,0,0,0,0,0,0,0,0,0,0,0
2696,Navy Housing Scheme Karsaz,Navy Housing Scheme Karsaz,Flat,5,6,467,79,,0,,,,0,0,0,0,0,0,0,1,1,0,1,1,1,1,0,0,0,0,0,0,0,0,0,0,0,0,0,0,0,0,0,0,0,0,0,0,0,0,0,0,0,0,0,0
86,"DHA Phase 6, DHA Defence",DHA Defence,House,5,5,500,115,,0,,,,0,0,1,1,1,1,0,1,1,1,1,1,1,1,1,1,0,0,1,0,0,1,1,1,1,1,1,1,1,1,1,1,0,0,1,1,1,1,1,1,0,0,0,0
141,"DHA Phase 6, DHA Defence",DHA Defence,House,3,,500,77,1/1/2020,2,,,,0,0,0,0,0,0,0,1,1,0,0,0,0,0,0,0,0,0,0,0,0,0,0,0,0,0,0,0,0,0,0,0,0,0,1,1,1,1,0,0,0,0,0,0
256,"DHA Phase 6, DHA Defence",DHA Defence,House,10,6,3600,850,1/1/2008,6,,,,0,1,0,0,0,0,0,1,1,1,0,0,0,0,1,0,0,0,0,0,0,0,0,0,0,0,0,0,0,0,0,0,0,0,0,0,0,0,0,0,0,0,0,0
257,"DHA Phase 6, DHA Defence",DHA Defence,House,6,7,500,117.5,,3,,,,0,1,0,0,0,0,0,1,0,1,0,0,0,0,1,0,0,0,0,0,0,0,0,0,0,0,0,0,0,0,0,0,0,0,0,0,0,0,0,0,0,0,0,0
258,"DHA Phase 6, DHA Defence",DHA Defence,House,6,7,500,127.5,,3,,,,0,0,0,0,0,0,0,1,1,1,0,0,0,0,1,0,0,0,0,0,0,0,0,0,0,0,0,0,0,0,0,0,0,0,0,0,0,0,0,0,0,0,0,0
263,"DHA Phase 6, DHA Defence",DHA Defence,House,4,4,260,65,1/1/2020,2,,,,0,1,1,1,1,0,0,1,1,0,0,0,0,0,0,0,0,0,0,0,0,0,0,0,0,0,0,0,0,0,0,0,0,0,0,0,0,0,0,0,0,0,0,0
282,"DHA Phase 6, DHA Defence",DHA Defence,House,9,6,1000,230,,2,,,,0,1,1,1,0,0,0,0,0,1,1,1,1,0,0,0,0,0,0,0,0,0,0,0,0,0,0,0,0,0,0,0,0,0,0,0,0,0,0,0,0,0,0,0
307,"DHA Phase 6, DHA Defence",DHA Defence,House,6,6,666,160,,5,,,,0,0,0,0,0,0,0,1,0,1,0,0,0,0,0,0,0,0,0,0,0,0,0,0,0,0,0,0,0,0,0,0,0,0,0,0,0,0,0,0,0,0,0,0
312,"DHA Phase 6, DHA Defence",DHA Defence,House,5,6,400,80,,0,,,,0,0,0,0,0,0,0,1,1,0,0,0,1,0,1,0,0,0,0,0,0,0,0,0,0,0,0,0,0,0,0,0,0,0,1,1,1,1,1,0,0,0,0,0
313,"DHA Phase 6, DHA Defence",DHA Defence,House,5,6,500,89,,0,,,,0,0,0,0,0,0,0,1,1,1,0,0,1,0,1,0,0,0,0,0,0,0,0,0,0,0,0,0,0,0,0,0,0,0,1,1,1,1,1,0,0,0,0,0
316,"DHA Phase 6, DHA Defence",DHA Defence,House,5,5,500,90,,0,,,,0,1,1,1,1,1,0,1,1,1,0,0,0,0,0,0,0,0,0,0,0,0,0,0,0,0,0,0,0,0,0,0,0,0,0,0,0,0,0,0,0,0,0,0
355,"DHA Phase 6, DHA Defence",DHA Defence,House,6,6,1000,420,1/1/2023,6,,,,0,1,1,1,1,0,0,1,1,1,0,0,0,0,0,0,0,0,0,0,0,0,0,0,0,0,0,0,0,0,0,0,0,0,0,0,0,0,0,0,0,0,0,0
434,"DHA Phase 6, DHA Defence",DHA Defence,House,3,4,500,85,,0,,,,0,1,0,0,1,0,0,1,0,1,1,1,1,0,0,0,0,0,0,0,0,0,0,0,0,0,0,0,0,0,0,0,0,0,0,0,0,0,0,0,0,0,0,0
446,"DHA Phase 6, DHA Defence",DHA Defence,House,5,6,500,130,1/1/2022,3,,,,0,1,1,1,1,0,0,1,1,1,1,0,1,1,1,1,0,1,1,1,0,0,0,0,0,0,0,0,0,0,0,0,0,0,0,0,0,0,0,0,0,0,0,0
455,"DHA Phase 6, DHA Defence",DHA Defence,House,5,6,500,140,,2,,,,0,1,1,1,0,0,0,1,1,1,1,1,1,0,0,0,0,0,0,0,0,0,0,0,0,0,0,0,0,0,0,0,0,0,0,0,0,0,0,0,0,0,0,0
470,"DHA Phase 6, DHA Defence",DHA Defence,House,6,6,666,130,,3,,,,0,1,1,1,0,0,0,1,1,1,0,0,0,0,0,0,0,0,0,0,0,0,0,0,0,0,0,0,0,0,0,0,0,0,0,0,0,0,0,0,0,0,0,0
471,"DHA Phase 6, DHA Defence",DHA Defence,House,6,6,500,110,1/1/2020,0,,,,0,1,1,1,0,0,0,1,1,1,0,0,0,0,0,0,0,0,0,0,0,0,0,0,0,0,0,0,0,0,0,0,0,0,0,0,0,0,0,0,0,0,0,0
526,"DHA Phase 6, DHA Defence",DHA Defence,House,6,6,666,219.9,1/1/2022,4,,,,0,0,0,0,0,0,0,1,1,1,0,0,0,0,0,0,0,0,0,0,0,0,0,0,0,0,0,0,0,0,0,0,0,0,1,1,1,1,1,0,0,0,0,0
544,"DHA Phase 6, DHA Defence",DHA Defence,Flat,2,2,100,12,,0,2,,,0,0,0,0,1,0,0,1,1,0,0,0,0,0,1,0,0,1,1,1,0,0,1,0,0,1,0,0,1,1,1,0,0,0,1,1,1,1,1,1,1,0,0,0
549,"DHA Phase 6, DHA Defence",DHA Defence,House,8,6,500,92.5,1/1/2017,4,,,,0,0,0,0,1,0,0,1,1,1,0,0,0,0,1,0,0,0,0,0,0,0,0,0,0,0,0,0,0,0,0,0,0,0,0,0,0,0,0,0,0,0,0,0
567,"DHA Phase 6, DHA Defence",DHA Defence,House,6,6,500,115,1/1/2017,3,,,,0,0,0,0,0,0,0,1,1,1,0,0,0,0,0,0,0,0,0,0,0,0,0,0,0,0,0,0,0,0,0,0,0,0,1,1,1,1,1,1,0,0,0,0
606,"DHA Phase 6, DHA Defence",DHA Defence,House,5,6,500,97.5,,3,,,,0,0,0,0,0,0,0,1,0,0,0,0,0,0,0,0,0,0,0,0,0,0,0,0,0,0,0,0,0,0,0,0,0,0,0,0,0,0,0,0,0,0,0,0
607,"DHA Phase 6, DHA Defence",DHA Defence,House,5,6,600,98.5,1/1/2006,4,,,,0,0,0,0,0,0,0,1,0,0,0,0,0,0,0,0,0,0,0,0,0,0,0,0,0,0,0,0,0,0,0,0,0,0,0,0,0,0,0,0,0,0,0,0
608,"DHA Phase 6, DHA Defence",DHA Defence,House,6,,666,190,1/1/2017,4,,,,0,0,0,0,0,0,0,1,0,0,0,0,0,0,0,0,0,0,0,0,0,0,0,0,0,0,0,0,0,0,0,0,0,0,0,0,0,0,0,0,0,0,0,0
676,"DHA Phase 6, DHA Defence",DHA Defence,House,4,5,500,125,1/1/2010,2,,,,0,0,0,0,1,0,0,1,1,1,0,1,0,1,1,0,0,1,1,0,0,1,1,1,1,1,1,1,1,1,1,1,0,0,1,1,1,1,1,1,1,1,0,0
680,"DHA Phase 6, DHA Defence",DHA Defence,House,5,6,666,190,,2,,,,0,1,1,1,0,0,0,0,0,1,1,1,1,0,0,0,0,0,0,0,0,0,0,0,0,0,0,0,0,0,0,0,0,0,0,0,0,0,0,0,0,0,0,0
696,"DHA Phase 6, DHA Defence",DHA Defence,House,6,6,500,118,1/1/2016,2,,,,0,0,0,0,0,0,0,1,1,1,1,0,1,0,0,0,0,0,0,0,0,0,0,0,0,0,0,0,0,0,0,0,0,0,0,0,0,0,0,0,0,0,0,0
727,"DHA Phase 6, DHA Defence",DHA Defence,House,6,8,500,130,,2,,,,0,1,1,1,0,0,0,1,1,1,1,1,1,0,0,0,0,0,0,0,0,0,0,0,0,0,0,0,0,0,0,0,0,0,0,0,0,0,0,0,0,0,0,0
753,"DHA Phase 6, DHA Defence",DHA Defence,House,5,6,400,82,,0,,,,0,0,0,0,0,0,0,0,0,0,0,0,0,0,0,0,0,0,0,0,0,0,0,0,0,0,0,0,0,0,0,0,0,0,0,0,0,0,0,0,0,0,0,0
778,"DHA Phase 6, DHA Defence",DHA Defence,House,9,5,2000,500,1/1/2018,0,,,,0,1,1,1,1,1,0,1,0,1,1,1,1,1,1,1,0,1,1,1,0,1,1,1,1,1,1,1,1,1,1,1,1,1,1,1,1,1,1,0,1,1,0,1
834,"DHA Phase 6, DHA Defence",DHA Defence,House,5,6,500,105,,2,,,,0,0,0,0,0,0,0,1,0,0,1,0,1,0,1,0,0,0,0,0,0,0,0,0,0,0,0,0,0,0,0,0,0,0,0,0,0,0,0,0,0,0,0,0
848,"DHA Phase 6, DHA Defence",DHA Defence,House,6,6,500,200,1/1/2023,3,,,,0,1,0,0,0,0,0,1,1,0,0,0,0,0,0,0,0,0,0,0,0,0,0,0,0,0,0,0,0,0,0,0,0,0,0,0,0,0,0,0,0,0,0,0
850,"DHA Phase 6, DHA Defence",DHA Defence,House,4,5,500,100,1/1/2002,3,,,,0,0,0,0,0,0,0,1,1,1,0,0,1,0,1,1,0,1,1,1,0,0,0,0,0,0,0,0,0,0,0,0,0,0,0,0,0,0,0,0,0,0,0,0
924,"DHA Phase 6, DHA Defence",DHA Defence,House,5,6,500,180,,0,,,,0,0,0,0,0,0,0,1,1,1,0,0,0,0,0,0,0,0,0,0,0,0,0,0,0,0,0,0,0,0,0,0,0,0,0,0,0,0,0,0,0,0,0,0
937,"DHA Phase 6, DHA Defence",DHA Defence,House,5,6,500,130,,0,,,,0,0,0,0,0,0,0,1,1,1,0,0,1,0,0,0,0,0,0,0,0,0,0,0,0,0,0,0,0,0,0,0,0,0,1,1,1,1,1,1,0,0,0,0
975,"DHA Phase 6, DHA Defence",DHA Defence,House,7,8,600,200,,4,,,,0,1,1,1,0,0,0,1,1,1,1,1,1,0,0,0,0,0,0,0,0,0,0,0,0,0,0,0,0,0,0,0,0,0,0,0,0,0,0,0,0,0,0,0
1011,"DHA Phase 6, DHA Defence",DHA Defence,Flat,4,4,244,50,1/1/2020,0,,,,0,1,1,0,1,1,0,1,1,1,0,0,0,0,0,0,0,1,1,0,0,0,0,0,0,0,0,0,0,0,0,0,0,0,1,1,1,1,1,0,0,0,0,0
1064,"DHA Phase 6, DHA Defence",DHA Defence,House,4,5,500,77.5,1/1/2009,3,,,,0,1,1,1,1,0,0,1,0,1,1,1,1,1,0,0,0,0,0,0,0,0,0,0,0,0,0,0,0,0,0,0,0,0,0,0,0,0,0,0,0,0,0,0
1078,"DHA Phase 6, DHA Defence",DHA Defence,House,,,500,160,,0,,,,0,1,1,1,1,1,0,1,1,0,1,1,1,1,0,0,0,0,0,0,0,0,0,0,0,0,0,0,0,0,0,0,0,0,0,0,0,0,0,0,0,0,0,0
1123,"DHA Phase 6, DHA Defence",DHA Defence,House,8,8,600,150,,0,,,,0,1,1,1,0,0,0,1,0,1,1,1,1,0,0,0,0,0,0,0,0,0,0,0,0,0,0,0,0,0,0,0,0,0,0,0,0,0,0,0,0,0,0,0
1152,"DHA Phase 6, DHA Defence",DHA Defence,House,6,7,1000,190,,4,,,,0,1,1,1,0,0,0,1,1,1,1,1,1,0,0,0,0,0,0,0,0,0,0,0,0,0,0,0,0,0,0,0,0,0,0,0,0,0,0,0,0,0,0,0
1158,"DHA Phase 6, DHA Defence",DHA Defence,House,7,6,500,110,,4,,,,0,0,0,0,0,0,0,1,0,1,1,0,0,0,1,1,0,0,0,0,0,0,0,0,0,0,0,0,0,0,0,0,0,0,1,1,1,1,1,1,0,0,0,0
1178,"DHA Phase 6, DHA Defence",DHA Defence,House,7,6,500,127.5,,7,,,,0,0,0,0,0,0,0,0,0,0,0,0,0,0,0,0,0,0,0,0,0,0,0,0,0,0,0,0,0,0,0,0,0,0,0,0,0,0,0,0,0,0,0,0
1193,"DHA Phase 6, DHA Defence",DHA Defence,House,6,6,1000,260,1/1/2017,5,,,,0,1,1,1,1,0,0,1,1,1,0,0,0,0,0,0,0,0,0,0,0,0,0,0,0,0,0,0,0,0,0,0,0,0,0,0,0,0,0,0,0,0,0,0
1194,"DHA Phase 6, DHA Defence",DHA Defence,House,4,4,300,54,1/1/2008,3,,,,0,1,1,1,1,0,0,1,1,1,0,0,0,0,0,0,0,0,0,0,0,0,0,0,0,0,0,0,0,0,0,0,0,0,0,0,0,0,0,0,0,0,0,0
1229,"DHA Phase 6, DHA Defence",DHA Defence,Flat,3,4,133,14,,0,4,,,1,1,1,1,0,0,0,1,1,1,0,0,0,0,0,0,0,0,0,0,0,0,0,0,0,0,0,0,0,0,0,0,0,0,0,0,0,0,0,0,0,0,0,0
1233,"DHA Phase 6, DHA Defence",DHA Defence,Flat,3,3,220,32.5,1/1/2020,1,5,1,,1,1,0,0,1,0,1,1,1,0,0,0,0,0,0,0,0,0,0,0,0,0,0,0,0,0,0,0,0,0,0,0,0,0,0,0,0,0,0,0,0,0,0,0
1258,"DHA Phase 6, DHA Defence",DHA Defence,House,7,6,1000,297,,0,,,,0,0,0,0,0,0,0,1,0,1,0,0,0,0,0,0,0,0,0,0,0,0,0,0,0,0,0,0,0,0,0,0,0,0,0,0,0,0,0,0,0,0,0,0
1259,"DHA Phase 6, DHA Defence",DHA Defence,House,5,6,600,175,1/1/2022,0,,,,0,0,0,0,0,0,0,1,0,1,0,0,1,0,0,0,0,1,1,1,0,0,0,0,0,0,0,0,0,0,0,0,0,0,0,0,0,0,0,0,0,0,0,0
1261,"DHA Phase 6, DHA Defence",DHA Defence,House,5,6,500,110,,2,,,,0,1,0,0,0,0,0,1,0,0,0,0,0,0,1,0,0,0,0,0,0,0,0,0,0,0,0,0,0,0,0,0,0,0,0,0,0,0,0,0,0,0,0,0
1269,"DHA Phase 6, DHA Defence",DHA Defence,House,6,6,500,145,,0,,,,0,0,0,0,0,0,0,1,1,0,0,0,0,0,0,0,0,0,0,0,0,0,0,0,0,0,0,0,0,0,0,0,0,0,1,1,1,1,1,0,0,0,0,0
1272,"DHA Phase 6, DHA Defence",DHA Defence,House,6,6,500,150,,0,,,,0,0,0,0,0,0,0,1,1,0,0,0,0,0,0,0,0,0,0,0,0,0,0,0,0,0,0,0,0,0,0,0,0,0,1,1,1,1,1,0,0,0,0,0
1292,"DHA Phase 6, DHA Defence",DHA Defence,House,6,6,500,135,,0,,,,0,0,0,0,0,0,0,1,0,1,0,0,0,0,1,1,0,0,0,0,0,0,0,0,0,0,0,0,0,0,0,0,0,0,1,1,1,1,1,1,0,0,0,0
1294,"DHA Phase 6, DHA Defence",DHA Defence,House,5,5,500,120,,0,,,,0,0,0,0,0,0,0,1,0,0,0,0,0,0,1,0,0,0,0,0,0,0,0,0,0,0,0,0,0,0,0,0,0,1,0,0,0,0,0,0,0,0,0,0
1299,"DHA Phase 6, DHA Defence",DHA Defence,House,,,500,100,1/1/2015,2,,,,0,0,0,0,0,0,0,1,0,0,0,0,0,0,0,0,0,0,0,0,0,0,0,0,0,0,0,0,0,0,0,0,0,0,0,0,0,0,0,0,0,0,0,0
1316,"DHA Phase 6, DHA Defence",DHA Defence,House,6,6,500,135,,0,,,,0,0,0,0,0,0,0,1,0,1,0,0,1,0,1,1,0,0,0,0,0,0,0,0,0,0,0,0,0,0,0,0,0,0,1,1,1,1,1,1,0,0,0,0
1321,"DHA Phase 6, DHA Defence",DHA Defence,House,6,6,500,125,,0,,,,0,0,0,0,1,0,0,1,1,0,0,0,0,0,0,0,0,0,0,0,0,0,0,0,0,0,0,0,0,0,0,0,0,0,1,1,1,1,1,0,0,0,0,0
1335,"DHA Phase 6, DHA Defence",DHA Defence,Flat,2,2,106,14,,0,,,,0,0,0,0,0,0,0,1,1,0,0,0,0,0,0,0,1,1,1,1,1,0,0,0,0,0,0,0,0,0,0,0,0,0,0,0,0,0,0,0,0,0,0,0
1336,"DHA Phase 6, DHA Defence",DHA Defence,Flat,3,3,106,12.5,,0,,,,0,0,0,0,0,0,0,1,1,0,0,0,0,0,0,0,0,0,0,1,1,0,0,0,0,0,0,0,0,0,0,0,0,0,0,0,0,0,0,0,0,0,0,0
1345,"DHA Phase 6, DHA Defence",DHA Defence,Flat,3,3,110,15,,0,,,,0,0,0,0,0,0,0,0,0,0,0,0,0,0,0,0,0,0,0,0,0,0,0,0,0,0,0,0,0,0,0,0,0,0,0,0,0,0,0,0,0,0,0,0
1383,"DHA Phase 6, DHA Defence",DHA Defence,House,5,6,500,125,1/1/2009,2,,,,0,0,0,0,0,0,0,1,1,1,1,1,1,0,0,0,0,0,0,0,0,0,0,0,0,0,0,0,0,0,0,0,0,0,0,0,0,0,0,0,0,0,0,0
1458,"DHA Phase 6, DHA Defence",DHA Defence,House,6,6,500,140,1/1/2023,0,,,,0,0,0,0,1,0,0,1,1,0,0,0,0,0,0,0,0,0,0,0,0,0,0,0,0,0,0,0,0,0,0,0,0,0,0,0,0,0,0,0,0,0,0,0
1463,"DHA Phase 6, DHA Defence",DHA Defence,House,6,6,500,155,1/1/2023,0,,,,0,1,0,0,0,0,0,1,0,1,1,0,1,0,0,0,0,0,0,0,0,0,0,0,0,0,0,0,0,0,0,0,0,0,0,0,0,0,0,0,0,0,0,0
1479,"DHA Phase 6, DHA Defence",DHA Defence,House,5,5,700,130,,0,,,,0,0,0,0,0,0,0,0,0,0,0,0,0,0,0,0,0,0,0,0,0,0,0,0,0,0,0,0,0,0,0,0,0,0,0,0,0,0,0,0,0,0,0,0
1511,"DHA Phase 6, DHA Defence",DHA Defence,House,8,6,600,139.5,1/1/2006,3,,,,0,0,0,0,0,0,0,1,0,0,0,0,0,0,0,0,0,0,0,0,0,0,0,0,0,0,0,0,0,0,0,0,0,0,0,0,0,0,0,0,0,0,0,0
1527,"DHA Phase 6, DHA Defence",DHA Defence,House,5,5,500,112.5,,0,,,,0,0,0,0,0,0,0,0,0,0,0,0,0,0,0,0,0,0,0,0,0,0,0,0,0,0,0,0,0,0,0,0,0,0,0,0,0,0,0,0,0,0,0,0
1586,"DHA Phase 6, DHA Defence",DHA Defence,House,3,4,300,80,,1,,,,0,1,0,0,1,0,0,1,0,1,0,1,1,0,1,0,0,0,0,0,0,0,0,0,0,0,0,0,0,0,0,0,0,0,0,0,0,0,0,0,0,0,0,0
1604,"DHA Phase 6, DHA Defence",DHA Defence,House,,,600,150,,0,,,,1,1,1,1,1,1,1,1,1,0,1,1,1,1,0,0,0,0,0,0,0,0,0,0,0,0,0,0,0,0,0,0,0,0,0,0,0,0,0,0,0,0,0,0
1605,"DHA Phase 6, DHA Defence",DHA Defence,House,5,5,500,105,,0,,,,0,1,1,1,1,1,0,1,1,1,0,0,0,0,0,0,0,0,0,0,0,0,0,0,0,0,0,0,0,0,0,0,0,0,0,0,0,0,0,0,0,0,0,0
1610,"DHA Phase 6, DHA Defence",DHA Defence,House,5,5,1000,265,,0,,,,0,0,0,0,0,0,0,1,0,1,1,1,1,0,0,0,0,0,0,0,0,0,0,0,0,0,0,0,0,0,0,0,0,0,0,0,0,0,0,0,0,0,0,0
1707,"DHA Phase 6, DHA Defence",DHA Defence,House,7,,666,158,,5,,,,0,1,0,0,0,0,0,1,1,1,0,0,1,0,1,0,0,1,1,1,0,0,0,0,0,0,0,0,0,0,0,0,0,0,0,0,0,0,0,0,0,0,0,0
1713,"DHA Phase 6, DHA Defence",DHA Defence,Flat,4,4,211,32.5,1/1/2019,0,6,1,,0,0,0,0,0,0,0,1,1,1,0,0,0,0,1,0,0,0,0,0,0,0,0,0,0,0,0,0,0,0,0,0,0,0,0,0,0,0,0,0,1,0,0,0
1736,"DHA Phase 6, DHA Defence",DHA Defence,House,5,6,300,71,1/1/2019,2,,,,0,1,1,1,1,0,0,1,1,1,1,1,1,1,0,0,0,0,0,0,0,0,0,0,0,0,0,0,0,0,0,0,0,0,0,0,0,0,0,0,0,0,0,0
1785,"DHA Phase 6, DHA Defence",DHA Defence,House,5,5,500,130,,3,,,,0,0,0,0,0,0,0,1,0,1,0,0,0,0,1,1,0,0,0,0,0,0,0,0,0,0,0,0,0,0,0,0,0,0,1,1,1,1,1,1,0,0,0,0
1788,"DHA Phase 6, DHA Defence",DHA Defence,House,5,6,500,140,,0,,,,0,1,0,0,1,0,0,1,0,1,1,0,1,0,0,0,0,0,0,0,0,0,0,0,0,0,0,0,0,0,0,0,0,0,0,0,0,0,0,0,0,0,0,0
1812,"DHA Phase 6, DHA Defence",DHA Defence,House,6,7,1000,280,1/1/2022,0,,,,0,0,0,0,0,0,0,1,1,1,1,1,1,0,0,0,0,0,0,0,0,0,0,0,0,0,0,0,0,0,0,0,0,0,0,0,0,0,0,0,0,0,0,0
1814,"DHA Phase 6, DHA Defence",DHA Defence,House,7,6,2000,650,,7,,,,0,0,0,0,0,0,0,1,1,1,0,0,0,0,0,0,0,0,0,0,0,0,0,0,0,0,0,0,0,0,0,0,0,0,0,0,0,0,0,0,0,0,0,0
1884,"DHA Phase 6, DHA Defence",DHA Defence,Flat,2,2,50,5.5,,0,4,,,0,1,0,0,1,1,1,1,1,0,0,0,0,1,1,1,1,1,1,1,1,0,0,0,0,0,0,0,0,0,0,0,0,0,0,0,0,0,0,0,0,0,0,0
1885,"DHA Phase 6, DHA Defence",DHA Defence,Flat,4,5,211,32,,0,5,,,1,1,1,1,1,1,1,1,1,0,1,1,1,1,1,1,1,1,1,1,1,0,0,0,0,0,0,0,0,0,0,0,0,0,0,0,0,0,0,0,0,0,0,0
1908,"DHA Phase 6, DHA Defence",DHA Defence,Flat,2,2,54,5.5,,0,4,,,1,1,1,1,1,0,1,1,1,0,0,0,0,1,0,0,1,1,1,1,1,0,0,0,0,0,0,0,0,0,0,0,0,0,0,0,0,0,0,0,0,0,0,0
1909,"DHA Phase 6, DHA Defence",DHA Defence,Flat,3,3,106,10.2,,0,4,,,1,1,1,1,1,1,1,1,1,0,0,0,1,1,0,0,1,1,1,1,1,1,1,1,1,1,1,1,1,1,1,1,1,1,1,1,1,1,1,1,0,0,0,0
1910,"DHA Phase 6, DHA Defence",DHA Defence,House,6,6,500,120,1/1/2016,3,,,,0,1,0,0,0,0,0,1,0,1,1,1,1,0,1,1,0,1,1,1,0,0,0,0,0,0,0,0,0,0,0,0,0,0,0,0,0,0,0,0,0,0,0,0
1926,"DHA Phase 6, DHA Defence",DHA Defence,House,5,6,500,135,,0,,,,0,0,0,0,0,0,0,1,0,1,1,0,0,0,1,0,0,0,0,0,0,0,0,0,0,0,0,0,0,0,0,0,0,0,1,1,1,1,1,1,0,0,0,0
1965,"DHA Phase 6, DHA Defence",DHA Defence,House,7,6,500,112.5,,3,,,,0,1,1,1,1,1,0,1,1,1,0,0,0,0,0,0,0,0,0,0,0,0,0,0,0,0,0,0,0,0,0,0,0,0,0,0,0,0,0,0,0,0,0,0
2017,"DHA Phase 6, DHA Defence",DHA Defence,House,5,5,500,105,,0,,,,0,1,1,1,1,1,0,1,1,0,1,1,1,1,0,0,0,0,0,0,0,0,0,0,0,0,0,0,0,0,0,0,0,0,0,0,0,0,0,0,0,0,0,0
2018,"DHA Phase 6, DHA Defence",DHA Defence,House,,,666,135,,0,,,,0,1,1,1,1,0,0,1,1,0,0,0,0,0,0,0,0,0,0,0,0,0,0,0,0,0,0,0,0,0,0,0,0,0,0,0,0,0,0,0,0,0,0,0
2050,"DHA Phase 6, DHA Defence",DHA Defence,House,7,6,1000,180,1/1/2008,6,,,,0,0,0,0,0,0,0,1,0,1,1,0,1,0,1,0,0,0,0,0,0,0,0,0,0,0,0,0,0,0,0,0,0,0,0,0,0,0,0,0,0,0,0,0
2079,"DHA Phase 6, DHA Defence",DHA Defence,House,3,4,500,75,,3,,,,0,0,0,0,0,0,0,1,0,0,0,0,0,0,0,0,0,0,0,0,0,0,0,0,0,0,0,0,0,0,0,0,0,0,0,0,0,0,0,0,0,0,0,0
2080,"DHA Phase 6, DHA Defence",DHA Defence,House,4,5,300,65,,2,,,,0,0,0,0,0,0,0,1,1,1,0,0,0,0,0,0,0,0,0,0,0,0,0,0,0,0,0,0,0,0,0,0,0,0,0,0,0,0,0,0,0,0,0,0
2151,"DHA Phase 6, DHA Defence",DHA Defence,Flat,2,2,100,12.5,,0,,,,0,0,0,0,0,0,0,1,1,0,0,0,0,0,0,0,0,0,0,0,0,0,0,0,0,0,0,0,0,0,0,0,0,0,0,0,0,0,0,0,0,0,0,0
2152,"DHA Phase 6, DHA Defence",DHA Defence,House,4,5,360,69,,0,,,,0,0,0,0,0,0,0,1,1,1,0,0,0,0,0,0,0,0,0,0,0,0,0,0,0,0,0,0,0,0,0,0,0,0,0,0,0,0,0,0,0,0,0,0
2156,"DHA Phase 6, DHA Defence",DHA Defence,House,6,6,500,170,1/1/2022,3,,,,0,0,0,0,0,0,0,1,1,1,1,1,1,0,1,1,0,0,0,0,0,0,0,0,0,0,0,0,0,0,0,0,0,0,1,1,1,1,1,0,0,0,0,0
2197,"DHA Phase 6, DHA Defence",DHA Defence,House,5,5,500,120,,0,,,,0,1,0,0,0,0,0,1,1,0,0,0,0,0,1,0,0,0,0,0,0,0,0,0,0,0,0,0,0,0,0,0,0,0,0,0,0,0,0,0,0,0,0,0
2231,"DHA Phase 6, DHA Defence",DHA Defence,House,6,6,500,157.5,,4,,,,0,1,0,0,1,0,0,1,1,0,1,0,1,0,1,1,0,0,0,0,0,0,0,0,0,0,0,0,0,0,0,0,0,0,0,0,0,0,0,0,0,0,0,0
2248,"DHA Phase 6, DHA Defence",DHA Defence,House,5,5,500,105,,3,,,,0,0,0,0,0,0,0,1,1,1,1,0,0,0,1,0,0,0,0,0,0,0,0,0,0,0,0,0,0,0,1,0,0,0,1,1,1,1,1,1,1,1,0,0
2273,"DHA Phase 6, DHA Defence",DHA Defence,House,5,6,666,170,,4,,,,0,1,1,1,0,0,0,1,1,1,0,0,0,0,0,0,0,0,0,0,0,0,0,0,0,0,0,0,0,0,0,0,0,0,0,0,0,0,0,0,0,0,0,0
2274,"DHA Phase 6, DHA Defence",DHA Defence,House,6,6,666,135,,4,,,,0,1,0,0,0,0,0,1,1,1,1,1,1,0,0,0,0,0,0,0,0,0,0,0,0,0,0,0,0,0,0,0,0,0,0,0,0,0,0,0,0,0,0,0
2285,"DHA Phase 6, DHA Defence",DHA Defence,House,7,6,1000,167,,0,,,,0,0,0,0,0,0,0,1,1,1,0,0,0,0,0,0,0,0,0,0,0,0,0,0,0,0,0,0,0,0,0,0,0,0,0,0,0,0,0,0,0,0,0,0
2309,"DHA Phase 6, DHA Defence",DHA Defence,House,6,6,500,120,,0,,,,0,0,0,0,0,0,0,1,0,1,0,0,0,0,0,0,0,0,0,0,0,0,0,0,0,0,0,0,0,0,0,0,0,0,0,0,0,0,0,0,0,0,0,0
2312,"DHA Phase 6, DHA Defence",DHA Defence,House,6,6,1000,240,,6,,,,0,0,0,0,0,0,0,1,0,1,1,0,1,0,1,1,0,0,0,0,0,0,0,0,0,0,0,0,0,0,0,0,0,0,0,0,0,0,0,0,0,0,0,0
2320,"DHA Phase 6, DHA Defence",DHA Defence,Flat,3,3,200,26,,0,,,,0,0,0,0,0,0,0,1,1,0,0,0,0,0,1,0,0,0,0,0,0,0,0,0,0,0,0,0,0,0,0,0,0,0,1,1,1,1,1,1,0,0,0,0
2326,"DHA Phase 6, DHA Defence",DHA Defence,House,7,9,1000,230,,0,,,,0,1,1,1,1,1,0,1,1,1,0,0,0,0,0,0,0,0,0,0,0,0,0,0,0,0,0,0,0,0,0,0,0,0,0,0,0,0,0,0,0,0,0,0
2333,"DHA Phase 6, DHA Defence",DHA Defence,House,7,6,1000,180,1/1/2000,6,,,,0,0,0,0,0,0,0,1,0,1,1,0,1,0,0,0,0,0,0,0,0,0,0,0,0,0,0,0,0,0,0,0,0,0,0,0,0,0,0,0,0,0,0,0
2334,"DHA Phase 6, DHA Defence",DHA Defence,House,6,6,500,125,1/1/2016,3,,,,0,0,0,0,0,0,0,1,0,1,1,0,1,0,0,0,0,0,0,0,0,0,0,0,0,0,0,0,0,0,0,0,0,0,0,0,0,0,0,0,0,0,0,0
2335,"DHA Phase 6, DHA Defence",DHA Defence,House,6,6,500,115,,0,,,,0,0,0,0,0,0,0,1,0,1,0,0,0,0,0,0,0,0,0,0,0,0,0,0,0,0,0,0,0,0,0,0,0,0,0,0,0,0,0,0,0,0,0,0
2340,"DHA Phase 6, DHA Defence",DHA Defence,House,6,6,666,250,1/1/2022,5,,,,0,1,1,1,0,0,0,1,1,1,1,0,0,0,0,0,0,0,0,0,0,0,0,0,0,0,0,0,0,0,0,0,0,0,0,0,0,0,0,0,0,0,0,0
2344,"DHA Phase 6, DHA Defence",DHA Defence,House,6,8,1300,300,1/1/2018,8,,,,0,1,1,1,1,0,0,1,1,1,1,1,1,1,1,1,0,1,1,1,0,1,1,1,1,1,1,1,1,1,1,1,1,1,0,0,0,0,0,0,1,1,0,1
2364,"DHA Phase 6, DHA Defence",DHA Defence,House,6,6,1000,265,,0,,,,0,0,0,0,1,0,0,1,1,0,0,0,0,0,0,0,0,0,0,0,0,0,0,0,0,0,0,0,0,0,0,0,0,0,1,1,1,1,1,0,0,0,0,0
2365,"DHA Phase 6, DHA Defence",DHA Defence,House,6,6,666,220,,0,,,,0,0,0,0,1,0,0,1,1,0,0,0,0,0,0,0,0,0,0,0,0,0,0,0,0,0,0,0,0,0,0,0,0,0,1,1,1,1,1,0,0,0,0,0
2367,"DHA Phase 6, DHA Defence",DHA Defence,Flat,3,3,200,25,,0,,,,0,0,0,0,0,0,0,1,0,0,0,0,0,0,1,0,0,0,0,0,0,0,0,0,0,0,0,0,0,0,0,0,0,0,1,1,1,1,1,1,0,0,0,0
2375,"DHA Phase 6, DHA Defence",DHA Defence,House,5,5,666,150,,4,,,,0,1,0,0,1,0,0,0,1,1,0,0,0,0,1,0,0,0,0,0,0,0,0,0,0,0,0,0,0,0,0,0,0,0,0,0,0,0,0,0,0,0,0,0
2376,"DHA Phase 6, DHA Defence",DHA Defence,House,6,6,1000,240,,4,,,,0,1,1,1,1,1,0,1,1,0,1,0,0,0,0,0,0,0,0,0,0,0,0,0,0,0,0,0,0,0,0,0,0,0,0,0,0,0,0,0,0,0,0,0
2393,"DHA Phase 6, DHA Defence",DHA Defence,House,6,6,500,110,1/1/2010,2,,,,0,1,1,1,1,0,0,1,1,1,0,0,0,0,0,0,0,0,0,0,0,0,0,0,0,0,0,0,0,0,0,0,0,0,0,0,0,0,0,0,0,0,0,0
2396,"DHA Phase 6, DHA Defence",DHA Defence,House,6,6,1000,180,,6,,,,0,0,0,0,1,0,0,1,1,0,1,0,1,0,0,0,0,0,0,0,0,0,0,0,0,0,0,0,0,0,0,0,0,0,0,0,0,0,0,0,0,0,0,0
2413,"DHA Phase 6, DHA Defence",DHA Defence,House,5,6,500,170,,2,,,,0,1,1,1,1,0,0,1,1,1,0,0,0,0,0,0,0,0,0,0,0,0,0,0,0,0,0,0,0,0,0,0,0,0,0,0,0,0,0,0,0,0,0,0
2423,"DHA Phase 6, DHA Defence",DHA Defence,House,6,6,666,160,,3,,,,0,1,1,1,1,1,0,1,1,1,1,0,1,0,1,1,0,1,1,1,0,0,0,0,0,0,0,0,0,0,0,0,0,0,0,0,0,0,0,0,0,0,0,0
2429,"DHA Phase 6, DHA Defence",DHA Defence,Flat,4,5,206,26,,0,,,,1,1,1,1,1,1,1,1,1,0,0,0,0,0,0,0,0,0,0,0,0,0,0,0,0,0,0,0,0,0,0,0,0,0,0,0,0,0,0,0,0,0,0,0
2447,"DHA Phase 6, DHA Defence",DHA Defence,House,4,4,500,115,,3,,,,0,0,0,0,0,0,0,1,1,1,1,0,0,0,1,1,0,0,0,0,0,0,0,0,0,0,0,0,0,0,0,0,0,0,0,0,0,0,0,0,0,0,0,0
2508,"DHA Phase 6, DHA Defence",DHA Defence,House,6,7,1000,420,,0,,,,0,1,1,1,1,0,0,1,1,1,1,1,1,1,0,0,0,0,0,0,0,0,0,0,0,0,0,0,0,0,0,0,0,0,0,0,0,0,0,0,0,0,0,0
2519,"DHA Phase 6, DHA Defence",DHA Defence,House,,,500,85,,0,,,,0,1,1,1,1,1,0,1,1,0,1,1,1,1,0,0,0,0,0,0,0,0,0,0,0,0,0,0,0,0,0,0,0,0,0,0,0,0,0,0,0,0,0,0
2520,"DHA Phase 6, DHA Defence",DHA Defence,House,,,500,85,,0,,,,0,1,1,1,1,1,0,1,1,0,1,1,1,1,0,0,0,0,0,0,0,0,0,0,0,0,0,0,0,0,0,0,0,0,0,0,0,0,0,0,0,0,0,0
2534,"DHA Phase 6, DHA Defence",DHA Defence,Flat,3,3,122,17.5,,0,,,,0,0,1,0,0,0,0,1,0,0,0,0,0,0,0,1,0,0,1,0,1,0,0,0,0,0,0,0,0,0,0,0,0,0,0,0,0,0,0,0,0,0,0,0
2538,"DHA Phase 6, DHA Defence",DHA Defence,House,,,500,85,,0,,,,0,1,1,1,1,1,0,1,1,0,1,1,1,1,0,0,0,0,0,0,0,0,0,0,0,0,0,0,0,0,0,0,0,0,0,0,0,0,0,0,0,0,0,0
2539,"DHA Phase 6, DHA Defence",DHA Defence,House,,,500,85,,0,,,,0,1,1,1,1,1,0,1,1,0,1,1,1,1,0,0,0,0,0,0,0,0,0,0,0,0,0,0,0,0,0,0,0,0,0,0,0,0,0,0,0,0,0,0
2540,"DHA Phase 6, DHA Defence",DHA Defence,House,,,500,85,,0,,,,0,1,1,1,1,1,0,1,1,0,1,1,1,1,0,0,0,0,0,0,0,0,0,0,0,0,0,0,0,0,0,0,0,0,0,0,0,0,0,0,0,0,0,0
2541,"DHA Phase 6, DHA Defence",DHA Defence,House,,,500,85,,0,,,,0,1,1,1,1,1,0,1,1,0,1,1,1,1,0,0,0,0,0,0,0,0,0,0,0,0,0,0,0,0,0,0,0,0,0,0,0,0,0,0,0,0,0,0
2542,"DHA Phase 6, DHA Defence",DHA Defence,House,,,500,85,,0,,,,0,1,1,1,1,1,0,1,1,0,1,1,1,1,0,0,0,0,0,0,0,0,0,0,0,0,0,0,0,0,0,0,0,0,0,0,0,0,0,0,0,0,0,0
2543,"DHA Phase 6, DHA Defence",DHA Defence,House,,,500,85,,0,,,,0,1,1,1,1,1,0,1,1,0,1,1,1,1,0,0,0,0,0,0,0,0,0,0,0,0,0,0,0,0,0,0,0,0,0,0,0,0,0,0,0,0,0,0
2545,"DHA Phase 6, DHA Defence",DHA Defence,House,,,500,85,,0,,,,0,1,1,1,1,1,0,1,1,0,1,1,1,1,0,0,0,0,0,0,0,0,0,0,0,0,0,0,0,0,0,0,0,0,0,0,0,0,0,0,0,0,0,0
2563,"DHA Phase 6, DHA Defence",DHA Defence,House,,,500,85,,0,,,,0,1,1,1,1,1,0,1,1,0,1,1,1,1,0,0,0,0,0,0,0,0,0,0,0,0,0,0,0,0,0,0,0,0,0,0,0,0,0,0,0,0,0,0
2587,"DHA Phase 6, DHA Defence",DHA Defence,House,7,6,1000,240,,0,,,,0,0,0,0,0,0,0,1,1,1,0,0,0,0,0,0,0,0,0,0,0,0,0,0,0,0,0,0,0,0,0,0,0,0,0,0,0,0,0,0,0,0,0,0
2604,"DHA Phase 6, DHA Defence",DHA Defence,House,6,6,590,115,,0,,,,0,0,0,0,0,0,0,0,0,0,0,0,0,0,0,0,0,0,0,0,0,0,0,0,0,0,0,0,0,0,0,0,0,0,0,0,0,0,0,0,0,0,0,0
2606,"DHA Phase 6, DHA Defence",DHA Defence,House,6,6,500,115,,0,,,,0,0,0,0,0,0,0,0,0,0,0,0,0,0,0,0,0,0,0,0,0,0,0,0,0,0,0,0,0,0,0,0,0,0,0,0,0,0,0,0,0,0,0,0
2632,"DHA Phase 6, DHA Defence",DHA Defence,House,6,6,500,92.5,,0,,,,0,0,0,0,0,0,0,0,0,0,0,0,0,0,0,0,0,0,0,0,0,0,0,0,0,0,0,0,0,0,0,0,0,0,0,0,0,0,0,0,0,0,0,0
2636,"DHA Phase 6, DHA Defence",DHA Defence,House,6,6,666,180,,0,,,,0,0,0,0,0,0,0,1,0,1,1,1,1,1,1,1,0,0,0,0,0,0,0,0,0,0,0,0,0,0,0,0,0,0,0,0,0,0,0,0,0,0,0,0
2736,"DHA Phase 6, DHA Defence",DHA Defence,House,6,6,1000,187,,0,,,,0,0,0,0,0,0,0,1,1,1,0,0,0,0,0,0,0,0,0,0,0,0,0,0,0,0,0,0,0,0,0,0,0,0,1,1,1,1,1,0,0,0,0,0
85,"DHA Phase 8, DHA Defence",DHA Defence,House,5,5,1000,210,,5,,,,0,0,0,0,0,0,0,1,0,1,0,0,1,0,1,0,0,0,0,0,0,0,0,0,0,0,0,0,0,0,0,0,0,0,1,1,1,1,1,1,0,0,0,0
135,"DHA Phase 8, DHA Defence",DHA Defence,House,6,6,500,140,,3,,,,0,0,0,0,0,0,0,1,0,1,1,0,0,0,1,1,0,0,0,0,0,0,0,0,0,0,0,0,0,0,0,0,0,0,1,1,1,1,1,1,0,0,0,0
140,"DHA Phase 8, DHA Defence",DHA Defence,House,6,6,500,149,1/1/2021,3,,,,0,0,0,0,1,0,0,1,1,1,1,1,1,0,0,0,0,0,0,0,0,0,0,0,0,0,0,0,0,0,0,0,0,0,0,0,0,0,0,0,0,0,0,0
162,"DHA Phase 8, DHA Defence",DHA Defence,House,4,4,100,50,,0,,,,0,0,0,0,0,0,0,1,1,1,0,0,0,0,0,0,0,0,0,0,0,0,0,0,0,0,0,0,0,0,0,0,0,0,1,1,1,0,0,0,0,0,0,0
259,"DHA Phase 8, DHA Defence",DHA Defence,House,4,5,1000,220,1/1/2016,6,,,,0,1,0,0,0,0,0,1,0,1,0,0,0,0,1,0,0,0,0,0,0,0,0,0,0,0,0,0,0,0,1,0,1,1,0,0,0,0,0,0,0,0,0,0
327,"DHA Phase 8, DHA Defence",DHA Defence,House,6,6,1000,340,1/1/2023,5,,,,0,0,0,0,0,0,0,1,1,1,0,0,0,0,0,0,0,0,0,0,0,0,0,0,0,0,0,0,0,0,0,0,0,0,1,1,1,1,1,0,0,0,0,0
329,"DHA Phase 8, DHA Defence",DHA Defence,House,5,5,500,157.5,1/1/2023,0,,,,0,1,0,1,1,1,0,1,1,1,0,0,0,0,0,0,0,0,0,0,0,0,0,0,0,0,0,0,0,0,0,0,0,0,0,0,0,0,0,0,0,0,0,0
420,"DHA Phase 8, DHA Defence",DHA Defence,House,6,6,600,150,,4,,,,0,1,1,1,0,0,0,1,1,1,1,1,1,1,1,1,0,0,0,0,0,0,0,0,0,0,0,0,0,0,0,0,0,0,0,0,0,0,0,0,0,0,0,0
445,"DHA Phase 8, DHA Defence",DHA Defence,House,11,6,1000,360,,4,,,,0,0,0,0,0,0,0,1,0,1,1,0,1,0,1,0,0,0,0,0,0,0,0,0,0,0,0,0,0,0,0,0,0,0,1,1,1,1,1,1,0,0,0,0
534,"DHA Phase 8, DHA Defence",DHA Defence,House,6,6,1000,220,,0,,,,0,1,1,1,0,0,0,1,1,1,0,0,0,0,0,0,0,0,0,0,0,0,0,0,0,0,0,0,0,0,0,0,0,0,0,0,0,0,0,0,0,0,0,0
602,"DHA Phase 8, DHA Defence",DHA Defence,House,6,6,1000,335,1/1/2023,5,,,,0,0,0,0,0,0,0,1,1,1,0,0,0,0,0,0,0,0,0,0,0,0,0,0,0,0,0,0,0,0,0,0,0,0,0,0,0,0,0,0,0,0,0,0
633,"DHA Phase 8, DHA Defence",,Flat,3,,,62,1/1/2028,0,,,,1,1,1,1,1,1,1,1,1,0,0,0,0,0,0,0,0,0,0,0,0,0,0,0,0,0,0,0,0,0,0,0,0,0,0,0,0,0,0,0,0,0,0,0
634,"DHA Phase 8, DHA Defence",,Flat,5,,,99.2,1/1/2028,0,,,,1,1,1,1,1,1,1,1,1,0,0,0,0,0,0,0,0,0,0,0,0,0,0,0,0,0,0,0,0,0,0,0,0,0,0,0,0,0,0,0,0,0,0,0
654,"DHA Phase 8, DHA Defence",DHA Defence,House,6,6,150,67.5,1/1/2022,0,,,,0,1,0,0,1,0,0,1,0,1,1,1,1,0,0,0,0,0,0,0,0,0,0,0,0,0,0,0,0,0,0,0,0,0,0,0,0,0,0,0,0,0,0,0
655,"DHA Phase 8, DHA Defence",,Flat,2,,,36.8,1/1/2028,0,,,,1,1,1,1,1,1,1,1,1,0,0,0,0,0,0,0,0,0,0,0,0,0,0,0,0,0,0,0,0,0,0,0,0,0,0,0,0,0,0,0,0,0,0,0
754,"DHA Phase 8, DHA Defence",DHA Defence,House,6,6,1000,395,,0,,,,0,0,0,0,0,0,0,0,0,0,0,0,0,0,0,0,0,0,0,0,0,0,0,0,0,0,0,0,0,0,0,0,0,0,0,0,0,0,0,0,0,0,0,0
830,"DHA Phase 8, DHA Defence",DHA Defence,House,5,6,500,165,1/1/2022,2,,,,0,0,0,0,1,0,0,1,0,1,1,1,1,0,1,1,0,1,1,1,0,0,1,0,0,1,1,1,1,1,1,1,0,0,1,1,1,1,1,0,0,0,0,0
854,"DHA Phase 8, DHA Defence",DHA Defence,Flat,3,3,222,45,1/1/2021,1,5,,,0,0,0,0,0,0,0,1,1,1,0,0,0,0,0,0,0,0,0,0,0,0,0,0,0,0,0,0,0,0,0,0,0,0,0,0,0,0,0,0,0,0,0,0
861,"DHA Phase 8, DHA Defence",DHA Defence,House,7,6,1000,210,1/1/2019,6,,,,0,0,0,0,0,0,0,1,1,0,0,0,0,0,0,0,0,0,0,0,0,0,0,0,0,0,0,0,0,0,0,0,0,0,0,0,0,0,0,0,0,0,0,0
907,"DHA Phase 8, DHA Defence",DHA Defence,House,5,6,500,130,1/1/2012,0,,,,0,0,0,0,0,0,0,1,1,1,1,1,1,0,1,0,0,1,1,1,0,0,0,0,0,0,0,0,0,0,0,0,0,0,0,0,0,0,0,0,0,0,0,0
923,"DHA Phase 8, DHA Defence",DHA Defence,House,6,6,1000,280,,5,,,,0,0,0,0,0,0,0,1,0,1,0,0,1,0,1,1,0,0,0,0,0,0,0,0,0,0,0,0,0,0,0,0,0,0,1,1,1,1,1,1,0,0,0,0
949,"DHA Phase 8, DHA Defence",DHA Defence,House,6,6,1000,395,1/1/2023,6,,,,0,1,1,1,1,0,0,1,1,0,0,0,0,0,0,0,0,0,0,0,0,0,0,0,0,0,0,0,0,0,0,0,0,0,0,0,0,0,0,0,0,0,0,0
1006,"DHA Phase 8, DHA Defence",DHA Defence,House,6,6,1000,350,1/1/2022,4,,,,0,0,0,0,0,0,0,1,1,0,0,0,0,0,0,0,0,0,0,0,0,0,0,0,0,0,0,0,0,0,0,0,0,0,0,0,0,0,0,0,0,0,0,0
1181,"DHA Phase 8, DHA Defence",DHA Defence,House,4,5,120,51,,1,,,,0,1,1,1,0,0,0,1,1,1,1,1,1,0,0,0,0,0,0,0,0,0,0,0,0,0,0,0,0,0,0,0,0,0,0,0,0,0,0,0,0,0,0,0
1191,"DHA Phase 8, DHA Defence",DHA Defence,House,5,5,120,52.5,1/1/2022,0,,,,0,1,1,1,1,0,0,1,1,1,1,1,1,0,1,1,0,1,1,1,0,0,0,0,0,0,0,0,0,0,0,0,0,0,0,0,0,0,0,0,0,0,0,0
1212,"DHA Phase 8, DHA Defence",DHA Defence,House,3,3,100,35,,0,,,,0,1,1,1,0,0,0,0,0,0,1,1,1,0,1,1,0,1,1,0,0,0,0,0,0,0,0,0,0,0,0,0,0,0,0,0,0,0,0,0,0,0,0,0
1227,"DHA Phase 8, DHA Defence",DHA Defence,House,,,500,170,1/1/2023,3,,,,0,0,0,0,0,0,0,1,0,0,0,0,0,0,0,0,0,0,0,0,0,0,0,0,0,0,0,0,0,0,0,0,0,0,0,0,0,0,0,0,0,0,0,0
1230,"DHA Phase 8, DHA Defence",DHA Defence,House,,,500,210,,3,,,,0,0,0,0,0,0,0,1,0,0,0,0,0,0,0,0,0,0,0,0,0,0,0,0,0,0,0,0,0,0,0,0,0,0,0,0,0,0,0,0,0,0,0,0
1231,"DHA Phase 8, DHA Defence",DHA Defence,House,6,,500,165,,0,,,,0,0,0,0,0,0,0,1,0,0,0,0,0,0,0,0,0,0,0,0,0,0,0,0,0,0,0,0,0,0,0,0,0,0,0,0,0,0,0,0,0,0,0,0
1263,"DHA Phase 8, DHA Defence",DHA Defence,House,6,7,500,165,,3,,,,0,1,0,0,0,0,0,1,0,1,1,0,0,0,1,0,0,0,0,0,0,0,0,0,0,0,0,0,0,0,0,0,0,0,0,0,0,0,0,0,0,0,0,0
1265,"DHA Phase 8, DHA Defence",DHA Defence,House,6,6,666,127.5,,0,,,,0,0,0,0,1,0,0,1,1,0,0,0,0,0,0,0,0,0,0,0,0,0,0,0,0,0,0,0,0,0,0,0,0,0,1,1,1,1,1,0,0,0,0,0
1270,"DHA Phase 8, DHA Defence",DHA Defence,House,6,6,500,152,,0,,,,0,0,0,0,0,0,0,1,1,0,0,0,0,0,0,0,0,0,0,0,0,0,0,0,0,0,0,0,0,0,0,0,0,0,1,1,1,1,1,0,0,0,0,0
1271,"DHA Phase 8, DHA Defence",DHA Defence,House,6,6,500,165,,0,,,,0,0,0,0,0,0,0,1,1,0,0,0,0,0,0,0,0,0,0,0,0,0,0,0,0,0,0,0,0,0,0,0,0,0,1,1,1,1,1,0,0,0,0,0
1282,"DHA Phase 8, DHA Defence",DHA Defence,House,6,,1000,395,1/1/2023,5,,,,0,0,0,0,0,0,0,1,0,0,0,0,0,0,0,0,0,0,0,0,0,0,0,0,0,0,0,0,0,0,0,0,0,0,0,0,0,0,0,0,0,0,0,0
1293,"DHA Phase 8, DHA Defence",DHA Defence,House,5,5,500,110,,0,,,,0,0,0,0,0,0,0,0,0,0,0,0,0,0,0,0,0,0,0,0,0,0,0,0,0,0,0,0,0,0,0,0,0,0,0,0,0,0,0,0,0,0,0,0
1295,"DHA Phase 8, DHA Defence",DHA Defence,House,6,6,1000,220,1/1/2014,3,,,,0,0,0,0,0,0,0,1,0,1,1,0,1,0,1,0,0,0,0,0,0,0,0,0,0,0,0,0,0,0,0,0,0,0,1,1,1,1,1,1,0,0,0,0
1296,"DHA Phase 8, DHA Defence",DHA Defence,House,4,4,1000,260,,0,,,,0,0,0,0,0,0,0,1,0,1,0,0,0,0,1,0,0,0,0,0,0,0,0,0,0,0,0,0,0,0,0,0,0,0,1,1,1,1,1,1,0,0,0,0
1297,"DHA Phase 8, DHA Defence",DHA Defence,House,6,6,500,130,1/1/2017,2,,,,0,0,0,0,0,0,0,1,0,1,1,0,1,0,1,0,0,0,0,0,0,0,0,0,0,0,0,0,0,0,0,0,0,0,1,1,1,1,1,1,0,0,0,0
1298,"DHA Phase 8, DHA Defence",DHA Defence,House,6,6,1000,320,1/1/2023,8,,,,0,1,1,1,1,1,0,1,1,1,0,0,0,0,0,0,0,0,0,0,0,0,0,0,0,0,0,0,0,0,0,0,0,0,0,0,0,0,0,0,0,0,0,0
1315,"DHA Phase 8, DHA Defence",DHA Defence,House,7,8,1000,320,,0,,,,0,0,0,0,0,0,0,1,0,1,1,0,1,0,1,0,0,0,0,0,0,0,0,0,0,0,0,0,0,0,0,0,0,0,1,1,1,1,1,1,0,0,0,0
1319,"DHA Phase 8, DHA Defence",DHA Defence,House,5,5,500,110,,0,,,,0,0,0,0,1,0,0,1,1,0,0,0,0,0,0,0,0,0,0,0,0,0,0,0,0,0,0,0,0,0,0,0,0,0,1,1,1,1,1,0,0,0,0,0
1320,"DHA Phase 8, DHA Defence",DHA Defence,House,6,6,1000,230,,0,,,,0,0,0,0,1,0,0,1,1,0,0,0,0,0,0,0,0,0,0,0,0,0,0,0,0,0,0,0,0,0,0,0,0,0,1,1,1,1,1,0,0,0,0,0
1328,"DHA Phase 8, DHA Defence",DHA Defence,House,4,5,120,51,,0,,,,0,1,1,1,1,1,0,1,1,0,1,1,1,1,0,0,0,0,0,0,0,0,0,0,0,0,0,0,0,0,0,0,0,0,0,0,0,0,0,0,0,0,0,0
1337,"DHA Phase 8, DHA Defence",,Flat,2,,,7.5,1/1/2023,0,4,1,,0,1,0,0,0,0,0,1,0,0,0,0,0,0,1,0,0,0,0,0,0,0,0,0,0,0,0,0,0,0,0,0,0,0,0,0,0,0,0,0,0,0,0,0
1338,"DHA Phase 8, DHA Defence",DHA Defence,House,,,500,175,1/1/2023,3,,,,0,0,0,0,0,0,0,1,1,1,0,0,0,0,0,0,0,0,0,0,0,0,0,0,0,0,0,0,0,0,0,0,0,0,0,0,0,0,0,0,0,0,0,0
1340,"DHA Phase 8, DHA Defence",DHA Defence,House,4,4,100,49.5,,0,,,,0,0,0,0,1,0,0,1,1,0,0,0,0,0,0,0,0,0,0,0,0,0,0,0,0,0,0,0,0,0,0,0,0,0,1,1,1,1,1,0,0,0,0,0
1341,"DHA Phase 8, DHA Defence",DHA Defence,House,4,4,100,49.5,,0,,,,0,0,0,0,0,0,0,1,1,0,0,0,0,0,0,0,0,0,0,0,0,0,0,0,0,0,0,0,0,0,0,0,0,0,1,1,1,1,1,0,0,0,0,0
1342,"DHA Phase 8, DHA Defence",DHA Defence,House,8,8,1000,250,1/1/2020,0,,,,0,0,0,0,0,0,0,1,0,1,1,1,1,0,1,0,0,0,0,0,0,0,0,0,0,0,0,0,0,0,0,0,0,0,1,1,1,1,1,1,0,0,0,0
1362,"DHA Phase 8, DHA Defence",DHA Defence,House,4,5,120,53,1/1/2023,0,,,,0,1,0,0,0,0,0,1,0,1,1,1,1,0,1,1,0,0,0,0,0,0,0,0,0,0,0,0,0,0,0,0,0,0,0,0,0,0,0,0,0,0,0,0
1381,"DHA Phase 8, DHA Defence",DHA Defence,House,5,6,500,200,,0,,,,0,0,0,0,0,0,0,0,0,0,0,0,0,0,0,0,0,0,0,0,0,0,0,0,0,0,0,0,0,0,0,0,0,0,0,0,0,0,0,0,0,0,0,0
1398,"DHA Phase 8, DHA Defence",DHA Defence,House,6,6,500,118,,0,,,,0,0,0,0,0,0,0,0,0,0,0,0,0,0,0,0,0,0,0,0,0,0,0,0,0,0,0,0,0,0,0,0,0,0,0,0,0,0,0,0,0,0,0,0
1409,"DHA Phase 8, DHA Defence",DHA Defence,House,6,6,500,140,,2,,,,0,0,0,0,0,0,0,1,0,1,0,0,1,0,1,1,0,0,0,0,0,0,0,0,0,0,0,0,0,0,0,0,0,0,1,1,1,1,1,1,0,0,0,0
1448,"DHA Phase 8, DHA Defence",DHA Defence,House,6,6,500,182.5,,0,,,,0,0,0,0,0,0,0,0,0,0,0,0,0,0,0,0,0,0,0,0,0,0,0,0,0,0,0,0,0,0,0,0,0,0,0,0,0,0,0,0,0,0,0,0
1476,"DHA Phase 8, DHA Defence",DHA Defence,House,4,5,120,55,,0,,,,0,0,0,0,0,0,0,0,0,0,0,0,0,0,0,0,0,0,0,0,0,0,0,0,0,0,0,0,0,0,0,0,0,0,0,0,0,0,0,0,0,0,0,0
1502,"DHA Phase 8, DHA Defence",DHA Defence,House,5,6,500,187.5,,0,,,,0,0,0,0,0,0,0,0,0,0,0,0,0,0,0,0,0,0,0,0,0,0,0,0,0,0,0,0,0,0,0,0,0,0,0,0,0,0,0,0,0,0,0,0
1559,"DHA Phase 8, DHA Defence",DHA Defence,House,4,6,100,46,1/1/2022,0,,,,0,1,0,0,0,0,0,1,0,0,0,0,0,0,0,0,0,0,0,0,0,0,0,0,0,0,0,0,0,0,0,0,0,0,0,0,0,0,0,0,0,0,0,0
1587,"DHA Phase 8, DHA Defence",DHA Defence,House,4,5,100,45,1/1/2023,1,,,,0,1,1,1,1,0,0,1,1,1,0,0,0,0,0,0,0,0,0,0,0,0,0,0,0,0,0,0,0,0,0,0,0,0,0,0,0,0,0,0,0,0,0,0
1623,"DHA Phase 8, DHA Defence",DHA Defence,Flat,2,3,117,25,,0,,,,0,0,0,0,0,0,0,0,0,0,0,0,0,0,0,0,0,0,0,0,0,0,0,0,0,0,0,0,0,0,0,0,0,0,1,1,1,1,0,0,0,0,0,0
1626,"DHA Phase 8, DHA Defence",DHA Defence,House,6,6,1000,400,1/1/2023,0,,,,0,0,0,0,0,1,0,1,1,1,1,1,1,1,0,0,0,0,0,0,0,0,0,0,0,0,0,0,0,0,0,0,0,0,0,0,0,0,0,0,0,0,0,0
1680,"DHA Phase 8, DHA Defence",DHA Defence,House,4,4,120,55,1/1/2022,1,,,,0,0,0,0,0,0,0,1,1,1,0,0,0,0,0,0,0,0,0,0,0,0,0,0,0,0,0,0,0,0,0,0,0,0,0,0,0,0,0,0,0,0,0,0
1714,"DHA Phase 8, DHA Defence",DHA Defence,Flat,3,3,241,38.5,1/1/2021,1,5,2,,1,0,0,0,1,0,0,0,0,0,0,0,0,0,1,0,0,0,0,0,0,0,0,0,0,0,0,0,0,0,0,0,0,0,0,0,0,0,0,0,0,0,0,0
1739,"DHA Phase 8, DHA Defence",DHA Defence,Flat,3,3,129,25,,0,4,1,,1,1,1,1,0,0,1,1,1,0,0,0,0,0,0,0,0,0,0,0,0,0,0,0,0,0,0,0,0,0,0,0,0,0,0,0,0,0,0,0,0,0,0,0
1813,"DHA Phase 8, DHA Defence",DHA Defence,House,6,6,1000,400,1/1/2023,3,,,,0,1,0,0,1,1,0,1,1,1,0,0,0,0,0,0,0,0,0,0,0,0,0,0,0,0,0,0,0,0,0,0,0,0,0,0,0,0,0,0,0,0,0,0
1835,"DHA Phase 8, DHA Defence",DHA Defence,House,6,7,2000,600,,6,,,,0,1,0,0,0,0,0,0,1,1,1,1,1,1,1,1,0,1,1,0,0,0,0,0,0,0,0,0,0,0,0,0,0,0,0,0,0,0,0,0,0,0,0,0
1858,"DHA Phase 8, DHA Defence",DHA Defence,House,3,3,100,40,,0,,,,0,0,0,0,0,0,0,1,1,0,0,0,0,0,1,0,0,0,0,0,0,0,0,0,0,0,0,0,0,0,0,0,0,0,0,0,0,0,0,0,0,0,0,0
1887,"DHA Phase 8, DHA Defence",DHA Defence,Flat,3,3,106,12.5,,0,4,,,1,1,1,1,1,1,1,1,1,0,0,0,0,1,0,1,1,1,1,1,1,1,1,1,1,1,1,1,1,1,1,1,1,1,1,1,1,1,1,1,1,1,1,1
1993,"DHA Phase 8, DHA Defence",DHA Defence,House,4,5,120,55,,0,,,,0,0,0,0,0,0,0,1,1,0,1,0,1,0,0,0,0,0,0,0,0,0,0,0,0,0,0,0,0,0,0,0,0,0,0,0,0,0,0,0,0,0,0,0
1994,"DHA Phase 8, DHA Defence",DHA Defence,House,5,5,500,145,,0,,,,0,1,1,0,0,0,0,0,0,0,1,1,1,0,1,1,0,0,0,0,0,0,0,0,0,0,0,0,0,0,0,0,0,0,0,0,0,0,0,0,0,0,0,0
1995,"DHA Phase 8, DHA Defence",DHA Defence,House,5,6,500,162.5,,0,,,,0,0,0,0,0,0,0,1,0,1,1,0,1,0,0,0,0,0,0,0,0,0,0,0,0,0,0,0,0,0,0,0,0,0,1,1,1,1,1,1,0,0,0,0
2016,"DHA Phase 8, DHA Defence",DHA Defence,House,4,5,100,45,,0,,,,0,0,0,0,0,0,0,1,1,0,1,0,1,0,0,0,0,0,0,0,0,0,0,0,0,0,0,0,0,0,0,0,0,0,1,1,1,1,1,1,0,0,0,0
2082,"DHA Phase 8, DHA Defence",DHA Defence,House,4,5,100,45,1/1/2021,1,,,,0,0,0,0,1,0,0,1,0,0,0,0,1,0,0,0,0,1,1,0,0,0,0,0,0,0,0,0,0,0,0,0,0,0,1,0,1,1,0,1,0,0,0,0
2097,"DHA Phase 8, DHA Defence",DHA Defence,House,4,5,120,52.5,1/1/2022,0,,,,0,1,0,0,0,0,0,1,0,1,1,0,1,0,1,1,0,0,0,0,0,0,0,0,0,0,0,0,0,0,0,0,0,0,0,0,0,0,0,0,0,0,0,0
2148,"DHA Phase 8, DHA Defence",DHA Defence,House,5,5,500,210,,4,,,,0,0,0,0,0,0,0,1,0,1,1,0,0,0,1,1,0,0,0,0,0,0,0,0,0,0,0,0,0,0,0,0,0,0,1,1,1,1,1,1,0,0,0,0
2154,"DHA Phase 8, DHA Defence",DHA Defence,House,5,6,500,165,1/1/2022,3,,,,0,0,0,0,0,0,0,1,1,1,1,0,1,0,1,0,0,0,0,0,0,0,0,0,0,0,0,0,0,0,0,0,0,0,0,0,0,0,0,0,0,0,0,0
2161,"DHA Phase 8, DHA Defence",DHA Defence,House,6,6,1000,320,1/1/2021,6,,,,0,1,1,1,1,0,0,1,1,1,0,0,0,0,0,0,0,0,0,0,0,0,0,0,0,0,0,0,0,0,0,0,0,0,0,0,0,0,0,0,0,0,0,0
2206,"DHA Phase 8, DHA Defence",DHA Defence,Flat,3,3,272,65,,3,25,,,1,1,1,1,1,1,1,1,1,1,0,0,0,0,0,0,0,0,0,0,0,0,0,0,0,0,0,0,0,0,0,0,0,0,0,0,0,0,0,0,0,0,0,0
2230,"DHA Phase 8, DHA Defence",DHA Defence,House,6,6,500,170,1/1/2022,2,,,,0,0,0,0,1,0,0,1,0,1,0,0,1,0,0,0,0,1,1,1,0,0,0,0,0,0,0,0,1,0,0,1,0,0,1,1,1,1,1,0,0,0,0,0
2247,"DHA Phase 8, DHA Defence",DHA Defence,House,5,6,500,160,,3,,,,0,1,1,1,0,0,0,1,1,1,0,0,0,0,0,0,0,0,0,0,0,0,0,0,0,0,0,0,0,0,0,0,0,0,0,0,0,0,0,0,0,0,0,0
2272,"DHA Phase 8, DHA Defence",DHA Defence,House,6,6,500,130,,2,,,,0,1,0,1,1,0,0,1,1,1,0,0,0,0,0,0,0,0,0,0,0,0,0,0,0,0,0,0,0,0,0,0,0,0,0,0,0,0,0,0,0,0,0,0
2276,"DHA Phase 8, DHA Defence",DHA Defence,House,6,6,500,97.5,,0,,,,0,0,0,0,1,0,0,1,1,1,1,1,0,0,0,0,0,0,0,0,0,0,0,0,0,0,0,0,0,0,0,0,0,0,0,0,0,0,0,0,0,0,0,0
2281,"DHA Phase 8, DHA Defence",DHA Defence,House,6,6,500,125,,2,,,,0,1,0,0,1,0,0,1,1,0,0,0,1,0,0,0,0,1,1,0,0,0,0,0,0,0,0,0,0,0,0,0,0,0,0,0,0,0,0,0,0,0,0,0
2339,"DHA Phase 8, DHA Defence",DHA Defence,House,6,8,1000,160,1/1/2017,6,,,,0,1,0,0,1,0,0,1,1,0,1,1,1,1,1,1,0,1,1,1,0,0,0,0,1,1,1,1,1,1,1,1,1,1,0,0,0,0,0,0,1,1,0,1
2342,"DHA Phase 8, DHA Defence",DHA Defence,House,5,6,500,160,1/1/2022,3,,,,0,1,0,0,0,0,0,1,1,1,1,1,1,1,1,1,0,1,1,1,0,1,1,1,1,1,1,1,1,1,1,1,1,1,0,0,0,0,0,0,1,1,0,1
2345,"DHA Phase 8, DHA Defence",DHA Defence,House,6,7,1000,235,1/1/2021,6,,,,0,1,1,1,1,0,0,1,1,1,0,0,0,0,0,0,0,0,0,0,0,0,0,0,0,0,0,0,0,0,0,0,0,0,0,0,0,0,0,0,0,0,0,0
2386,"DHA Phase 8, DHA Defence",DHA Defence,House,6,6,500,170,1/1/2022,2,,,,0,1,1,1,0,0,0,1,1,1,0,0,0,0,0,0,0,0,0,0,0,0,0,0,0,0,0,0,0,0,0,0,0,0,0,0,0,0,0,0,0,0,0,0
2512,"DHA Phase 8, DHA Defence",DHA Defence,House,6,7,1000,295,,5,,,,0,1,0,0,0,0,0,1,0,1,0,0,0,0,1,0,0,0,0,0,0,0,0,0,0,0,0,0,0,0,0,0,0,0,0,0,0,0,0,0,0,0,0,0
2601,"DHA Phase 8, DHA Defence",DHA Defence,House,6,6,500,165,1/1/2023,0,,,,0,0,0,0,0,0,0,1,0,1,1,1,1,0,0,0,0,0,0,0,0,0,0,0,0,0,0,0,0,0,0,0,0,0,0,0,0,0,0,0,0,0,0,0
2602,"DHA Phase 8, DHA Defence",DHA Defence,House,5,6,500,200,1/1/2023,0,,,,0,0,0,0,0,0,0,1,0,1,1,1,1,1,0,0,0,0,0,0,0,0,0,0,0,0,0,0,0,0,0,0,0,0,0,0,0,0,0,0,0,0,0,0
2620,"DHA Phase 8, DHA Defence",DHA Defence,Flat,3,3,256,72,,0,,,,0,0,0,0,0,0,0,1,1,0,0,0,0,0,0,0,1,1,1,0,0,0,0,0,0,0,0,0,0,0,0,0,0,0,0,0,0,0,0,0,0,0,0,0
2641,"DHA Phase 8, DHA Defence",DHA Defence,Flat,3,3,256,72,,0,,,,0,0,0,0,0,0,0,1,1,0,0,0,0,0,0,0,1,1,1,0,0,0,0,0,0,0,0,0,0,0,0,0,0,0,0,0,0,0,0,0,0,0,0,0
2648,"DHA Phase 8, DHA Defence",DHA Defence,House,8,,2000,750,,0,,,,0,0,0,0,0,0,0,1,0,1,1,0,1,1,0,0,0,1,1,0,0,0,0,0,0,0,0,0,0,0,0,0,0,0,0,0,0,0,0,0,0,0,0,0
2652,"DHA Phase 8, DHA Defence",DHA Defence,Flat,2,3,216,90,1/1/2024,2,31,,,1,1,1,1,1,1,1,1,1,0,0,0,0,0,0,0,0,0,0,0,0,0,0,0,0,0,0,0,0,0,0,0,0,0,0,0,0,0,0,0,0,0,0,0
