artist,title,palette,hash,clusters,clustering,url,filename
DarbyBannard,"""Chatumec #2""","#9F7773,#A89D99,#AA8A51,#B6736B",A848B5E6F4FF5AAB19E4,4,AgglomerativeClustering,https://www.wikiart.org/en/walter-darby-bannard/chatumec-2-1970,183469.png
DarbyBannard,"""Cherokee Blanket""","#EACC84,#F6A9B5,#CF2307",452334B03E3CBB36DDE1,3,AgglomerativeClustering,https://www.wikiart.org/en/walter-darby-bannard/cherokee-blanket-1964,183471.png
DarbyBannard,"""Green Valentine #2""","#010101,#EFD1B9,#86C9A8",4E85887EAD3E019C8816,3,AgglomerativeClustering,https://www.wikiart.org/en/walter-darby-bannard/green-valentine-2-1964,183470.png
DarbyBannard,"""Sage #3""","#97A580,#B2B4A9,#C1C2B7,#C98432",A3E0198F904DD740FC3B,4,AgglomerativeClustering,https://www.wikiart.org/en/walter-darby-bannard/sage-3-1968,183472.png
Disney,"""Aladdin 01""","#F1E6EC,#F8A448,#B2364E,#21347C,#5499DA",A38A57C34AA94A04F01F,5,AgglomerativeClustering,https://filmartgallery.com/products/aladdin-1,183464.png
Disney,"""The Lion King 01""","#F77A1D,#D90013,#8D2928",B104452E111977890AB5,3,AgglomerativeClustering,https://filmartgallery.com/products/the-lion-king,183465.png
Disney,"""The Lion King 02""","#273547,#737467,#A7B0AB,#265688",1EB115912963DD4E98E5,4,AgglomerativeClustering,https://filmartgallery.com/products/the-lion-king-1,183466.png
Disney,"""Tron 01""","#282B2C,#313B4F,#6E6D7D,#C0AFA7,#9E3D4C",0D523B5E86106BAC7B7A,5,AgglomerativeClustering,https://filmartgallery.com/products/tron-2,183468.png
Disney,"""Winnie the Pooh and Tigger Too 01""","#161411,#D8D7D8,#DBB039,#B4511F,#4DA3BC",DCB038C4C008963C3AB7,5,AgglomerativeClustering,https://filmartgallery.com/products/winnie-the-pooh-and-tigger-too,183467.png
EdnaAndrade,"""Atom Cloud""","#734950,#4B8182,#A79D96,#DAD1C5,#AF6D64",B8E300333DB2EAD2E3CF,5,AgglomerativeClustering,https://www.wikiart.org/en/edna-andrade/atom-cloud-1958,183442.png
EdnaAndrade,"""Cross""","#8B7F68,#A7A197,#ECE4E0,#E2CE96,#BA9940",B5758312CDE71EDD91C2,5,AgglomerativeClustering,https://www.wikiart.org/en/edna-andrade/cross-1962,183441.png
EdnaAndrade,"""Earth Day""","#DCCD50,#6CA663,#506AC8",7484AE051E5B984F1614,3,AgglomerativeClustering,https://www.wikiart.org/en/edna-andrade/earth-day-1970,183437.png
EdnaAndrade,"""Finale""","#D3B1C1,#9FC4E5,#EFEDDE,#FFC41A,#FCC176,#A1BE7C",8C1E0651961074BAF64D,6,AgglomerativeClustering,https://www.wikiart.org/en/edna-andrade/finale-1979,183435.png
EdnaAndrade,"""Mariposa""","#8691AC,#9BBBCB,#DBC3A8,#C8C4E4,#F5E4BF,#DFA145,#CC8D6F,#D1C87A",9EC39F3FE31EE74D3D38,8,AgglomerativeClustering,https://philamuseum.org/collection/object/273087,183439.png
EdnaAndrade,"""Short Ride""","#AD2313,#3245A6",3C30DAED90A17F8CA366,2,AgglomerativeClustering,https://www.wikiart.org/en/edna-andrade/short-ride-1969,183438.png
EdnaAndrade,"""Twilight Wave""","#949F9A,#ACB1B3,#C3C7C6,#E2E4DB,#FF9005",948280545945A0763D58,5,AgglomerativeClustering,https://www.wikiart.org/en/edna-andrade/twilight-wave-1973,183436.png
Ghibli,"""Castle in the Sky 01""","#1F231D,#485C53,#688277",31CAB71316BE96BD4A10,3,AgglomerativeClustering,https://filmartgallery.com/products/castle-in-the-sky,183402.png
Ghibli,"""Kiki 01""","#331913,#BC6A4A,#833728",4E0B74843C638E7BD2D6,3,AgglomerativeClustering,https://filmartgallery.com/products/kikis-delivery-service-1,183401.png
Ghibli,"""Mononoke 01""","#151414,#5A4440,#827F7F,#BBB5B2",0967339A464384870888,4,AgglomerativeClustering,https://filmartgallery.com/products/princess-mononoke,183404.png
Ghibli,"""Mononoke 02""","#3C3326,#5C7D66,#71B0CE,#FAD9B4,#E38E5F,#A95736",DAFCBED0C718DDE77289,6,AgglomerativeClustering,https://filmartgallery.com/products/princess-mononoke-5,183407.png
Ghibli,"""Nausicaa 01""","#39251F,#756052,#B7997F,#77AEC6,#CFC4B8",F7167BD47361404F2B7F,5,AgglomerativeClustering,https://filmartgallery.com/products/nausicaa-of-the-valley-of-the-winds-3,183400.png
Ghibli,"""Nausicaa 02""","#533F3B,#E7B578,#B67647,#17769F",25BBF1562A1460CB411C,4,AgglomerativeClustering,https://filmartgallery.com/products/nausicaa-of-the-valley-of-the-winds-4,183403.png
Ghibli,"""Nausicaa 03""","#0A0F10,#232C39,#BB8673,#93483C",411E440EB49799EDC6CD,4,AgglomerativeClustering,https://filmartgallery.com/products/nausicaa-of-the-valley-of-the-winds,183405.png
Ghibli,"""The Wind Rises 01""","#D0D2CF,#3D741D,#2F96C8",A2FFF99903488BB868BB,3,AgglomerativeClustering,https://filmartgallery.com/products/the-wind-rises?variant=39265259192491,183406.png
Kandinsky,"""Blue Mountain""","#32313B,#7E4A49,#C8B7A0,#B28A31,#2F5079",6B6DD6619BDE5E359CC7,5,AgglomerativeClustering,https://en.wikipedia.org/wiki/Wassily_Kandinsky,183431.png
Kandinsky,"""Circles in a Circle""","#242426,#534839,#61685B,#7D9287,#CFB88F,#E4D8CA,#A2423A",E99F363AE0CA87AC32A7,7,AgglomerativeClustering,https://en.wikipedia.org/wiki/Wassily_Kandinsky,183433.png
Kandinsky,"""Composition in Red and Blue""","#434869,#EAD6BA,#B75B59",46C1F13FE3B4CAF5D5FF,3,AgglomerativeClustering,https://www.nga.gov/collection/art-object-page.208417.html,183426.png
Kandinsky,"""Geteilt (Divided)""","#332E36,#5A574F,#9C7366,#7D8876,#B39C85,#CFB295",2B1A0DFF030620F97EC4,6,AgglomerativeClustering,https://www.nga.gov/collection/art-object-page.108875.html,183429.png
Kandinsky,"""Improvisation 31 (Sea Battle)""","#49566A,#80A08E,#BDC2B8,#E0DACD,#D9B97F,#D3844E",5694A4B19F87DF8AC0FB,6,AgglomerativeClustering,https://www.nga.gov/collection/art-object-page.56670.html,183425.png
Kandinsky,"""Landscape with Figures and a Crucifix""","#261F1B,#474139,#665C50,#A7896E,#DAC9AF",409CF30DB8F9E172A99B,5,AgglomerativeClustering, https://www.nga.gov/collection/art-object-page.90725.html,183427.png
Kandinsky,"""Munich-Schwabing with the Church of St. Ursula ""","#262521,#DBD2B6,#7C914C,#C86945,#30498A",05AE4B124EBA64280E67,5,AgglomerativeClustering,https://en.wikipedia.org/wiki/Wassily_Kandinsky,183430.png
Kandinsky,"""Several Circles""","#151414,#282E37,#39726C,#9DB4AF,#CECDDB,#B2773B,#1642A9,#5194DF",0686D87ACCD73CEF7046,8,AgglomerativeClustering,https://en.wikipedia.org/wiki/Wassily_Kandinsky,183434.png
Kandinsky,"""Small Worlds I""","#2E2924,#4B5853,#DCCBB4,#CEA95D,#A95D54",F54E9216F43F4578A4B3,5,AgglomerativeClustering,https://www.nga.gov/collection/art-object-page.52419.html,183428.png
Kirchner,"""Bern Kunsthalle: März 33: Ernst Ludwig Kirchner: Davos""","#304847,#F0E6D9,#8C3987,#03A997",18CDBF4B3472AECE9899,4,AgglomerativeClustering,https://www.nga.gov/collection/art-object-page.152789.html,bern_kunsthalle__marz_33__ernst_ludwig_kirchner__davos_2012.92.139.jpg
Kirchner,"""Chestnut Trees in Moonlight""","#5C3C34,#6F5954,#887F75,#A69679",A7406B9A23292A6012EF,4,AgglomerativeClustering,https://www.nga.gov/content/ngaweb/collection/art-object-page.152784.html,chestnut_trees_in_moonlight_2012.92.134.png
Kirchner,"""Cover of the Fourth Yearbook of the Artist Group the Brucke""","#DCD4C6,#E16C5B",3D4FD811A9FA79D242BD,2,AgglomerativeClustering, https://www.nga.gov/content/ngaweb/collection/art-object-page.8104.html,cover_of_the_fourth_yearbook_of_the_artist_group_the_brucke_1943.3.5182.jpg
Kirchner,"""Dance Hall Bellevue [obverse]""","#695A46,#79AEA2,#C4AA6F,#D46F1F,#3C78BC",BFBD7CC9CE65118E370C,5,AgglomerativeClustering, https://www.nga.gov/content/ngaweb/collection/art-object-page.71238.html,dance_hall_bellevue__obverse__1989.60.1.a.jpg
Kirchner,"""Dancing Couple in the Snow [reverse]""","#2F4667,#855852,#587884,#7C9AA4,#BC9A95,#CDC0B8",7EB14FF4B23366C6FA31,6,AgglomerativeClustering,https://www.nga.gov/content/ngaweb/collection/art-object-page.163768.html,dancing_couple_in_the_snow__reverse__1989.60.1.b.png
Kirchner,"""Head Waiter in Café""","#3F333C,#5F4B47,#C7AE90,#D67A45,#996C46",D002FFF40B8A241DADA9,5,AgglomerativeClustering,https://www.nga.gov/content/ngaweb/collection/art-object-page.152783.html,head_waiter_in_cafe_2012.92.133.jpg
Kirchner,"""Nude Women with a Child in the Forest""","#596A48,#E7D1B6,#D19685,#A29855",EC687BFC93B60DD9C388,4,AgglomerativeClustering,https://www.nga.gov/collection/art-object-page.154352.html,nude_women_with_a_child_in_the_forest_2012.92.695.jpg
Kirchner,"""Smoking Peasant""","#5D5A6B,#CBA27D,#AB5950,#75393E",83CF27E28DA6F468DFA9,4,AgglomerativeClustering,https://www.nga.gov/content/ngaweb/collection/art-object-page.154350.html,smoking_peasant_2012.92.693.jpg
Kirchner,"""The Visit - Couple and Newcomer""","#3B5C70,#968B7C,#D5B729,#CE5D2E,#A93020",6BD24F063EC9E1BC047C,5,AgglomerativeClustering,https://www.nga.gov/content/ngaweb/collection/art-object-page.71239.html,the_visit_-_couple_and_newcomer_1989.60.2.jpg
Kirchner,"""Woman with a Child and a Cat (Mädchen mit Kind)""","#3A3F43,#704F37,#6F6759,#A78D65",29778A4E19F2DE45F152,4,AgglomerativeClustering,https://www.nga.gov/collection/art-object-page.154346.html,woman_with_a_child_and_a_cat_(madchen_mit_kind)_2012.92.689.jpg
Matisse,"""Beasts of the Sea""","#4E4253,#F7E2B9,#F8E979,#D96B72,#89C074,#4F70A9",6274136C0DF581E1A78C,6,AgglomerativeClustering,https://www.nga.gov/collection/art-object-page.53815.html,183421.png
Matisse,"""Large Decoration with Masks""","#94ADAF,#F2DEC1,#F1B152,#CB6168,#3B8863,#3C62A8",5A844879389208F99B36,6,AgglomerativeClustering,https://www.nga.gov/collection/art-object-page.53814.html,183424.png
Matisse,"""Open Window Collioure""","#28494C,#508E8E,#91AAA6,#D4A1A2,#D8C9C0,#B25E53",FC1036E7801CEA258D1B,6,AgglomerativeClustering,https://www.nga.gov/collection/art-object-page.106384.html,183420.png
Matisse,"""Venus""","#FCE0B6,#3668A4",0369E1CEE05F8D06AA9F,2,AgglomerativeClustering,https://www.nga.gov/collection/art-object-page.53816.html,183422.png
Miro,"""Composition""","#D1AF71,#D5785D,#AB4346,#6F1F33",CD5D3A592F5E767EBE89,4,AgglomerativeClustering,https://www.nga.gov/collection/art-object-page.91414.html,183393.png
Miro,"""Figure and Birds""","#121E1A,#A2949A,#D2D2D3,#C09918,#9C000E,#133D98",76CF1974C0BE35344E63,6,AgglomerativeClustering,https://www.nga.gov/collection/art-object-page.53059.html,183379.png
Miro,"""Flight of the Dragonfly in Front of the Sun""","#E7E4ED,#DA684D,#8894D0",27AB9BD21E57A75218A6,3,AgglomerativeClustering,https://www.nga.gov/collection/art-object-page.61373.html,183417.png
Miro,"""La Bague d'Aurore""","#312D2A,#5E95AC,#E5D1B6,#E2CD48,#E5486F",A0215E4547AFDE463D80,5,AgglomerativeClustering,https://www.nga.gov/collection/art-object-page.142287.html,183398.png
Miro,"""Untitled [plate IV]""","#24615F,#7D9093,#DCCAB8,#E5BC50,#DE6261",F576E5C0C3D94C5F0F7B,5,AgglomerativeClustering,https://www.nga.gov/collection/art-object-page.46996.html,183399.png
Miro,"""Untitled [plate I]""","#567993,#B89F93,#DAC9B7,#CE4646",B7447DA5E51FB65B6D5C,4,AgglomerativeClustering,https://www.nga.gov/collection/art-object-page.46992.html,183395.png
Miro,"""Untitled [plate LII]""","#466481,#97A6A4,#E5D7C5,#E6B57B,#CB7062",3C9F526D6EF14A1071FD,5,AgglomerativeClustering,https://www.nga.gov/collection/art-object-page.47044.html,183418.png
Miro,"""Woman at the Mirror""","#2A2829,#3F596F,#E0D2BF,#BAAC74,#B83330,#416C96",1257C7CFF682B4919DAD,6,AgglomerativeClustering,https://www.nga.gov/collection/art-object-page.136243.html,183381.png
Monet,"""Argenteuil""","#403A25,#7F7557,#9B926F,#BCC3B5,#625E34",9C28832CD6A3EE47CFF0,5,AgglomerativeClustering,https://www.nga.gov/collection/art-object-page.52186.html,argenteuil_1970.17.42.jpg
Monet,"""Banks of the Seine Vétheuil""","#4D6A46,#939F77,#88A09D,#A0B0A4,#6E855C",517746D4B3562CC089F7,5,AgglomerativeClustering,https://www.nga.gov/collection/art-object-page.46652.html,banks_of_the_seine_vetheuil_1963.10.177.jpg
Monet,"""Woman with a Parasol - Madame Monet and Her Son""","#3F5841,#737E58,#7D95A3,#B0BFC9",CE12EAF4B42CD5A293F5,4,AgglomerativeClustering,https://www.nga.gov/collection/art-object-page.61379.html,woman_with_a_parasol_-_madame_monet_and_her_son_1983.1.29.jpg
Nolde,"""Herbstlandschaft (Überschwemmung)""","#2C2B28,#514B41,#6F5E4E,#74756A,#878D7C,#A6744D",710931A3FE8A4CB404A8,6,AgglomerativeClustering,https://sammlung.staedelmuseum.de/en/work/herbstlandschaft-ueberschwemmung,183392.png
Nolde,"""Lake Lucerne""","#CCC89E,#EACB49,#11407A,#3268C2,#77A4CB",B8BFFD1F3B58FBE35486,5,AgglomerativeClustering,https://sammlung.staedelmuseum.de/en/work/lake-lucerne,183387.png
Nolde,"""Mühle am Wasser""","#1D2830,#25576D,#3F697B,#909A97",412B5D0AE4CDDD57E582,4,AgglomerativeClustering,https://sammlung.staedelmuseum.de/en/work/muehle-am-wasser,183388.png
Nolde,"""Party""","#1A1C1F,#245870,#8A8774,#D0DDD2,#F0B621,#DB6724,#72242B,#EBDA8B",2D4CA3628778828308FC,8,AgglomerativeClustering,https://www.apollo-magazine.com/emil-nolde-colour-life-exhibition-review/,183386.png
Nolde,"""San Giorgio Maggiore in Venice""","#322525,#413B3D,#645C55,#8E7C6E,#7D5F2F",F98797AE636BA3405A52,5,AgglomerativeClustering,https://sammlung.staedelmuseum.de/en/work/san-giorgio-maggiore-in-venice,183389.png
Nolde,"""Seascape""","#525045,#50556B,#6D757E,#CEC5A5,#877B4D",02C6988144164974689E,5,AgglomerativeClustering,https://sammlung.staedelmuseum.de/en/work/seascape-1,183390.png
Nolde,"""Zwei Menschen""","#6C4247,#CFB2A7,#AC6167",55A358141C993E9F64D0,3,AgglomerativeClustering,https://sammlung.staedelmuseum.de/en/work/zwei-menschen,183391.png
Picasso,"""Composition""","#3F4656,#E3D1BB,#E1BA6A,#CA5E50",595A39190778280ADD6F,4,AgglomerativeClustering,https://www.nga.gov/collection/art-object-page.48530.html,183412.png
Picasso,"""Harlequin Musician""","#322D27,#314D64,#68805F,#BBAFA6,#F5EBD9,#E0562C",D8F1CF989E96E5F0FA6A,6,AgglomerativeClustering,https://www.nga.gov/collection/art-object-page.71072.html,183408.png
Picasso,"""House in the garden""","#404823,#BEBD9C,#7E9A6E,#597142",A5A0F17929E7F0A4DBB9,4,AgglomerativeClustering,https://www.wikiart.org/en/pablo-picasso/house-in-the-garden-1908,183483.png
Picasso,"""Le Déjeuner sur l'herbe","#BA9176,#F7E9D6",6BA8B7BCB40E75F7A44A,2,AgglomerativeClustering," d'après Manet II"",https://www.nga.gov/collection/art-object-page.152486.html",183416.png
Picasso,"""Pierrot and Harlequin""","#273125,#825E47,#A78B87,#AAB1B0,#E1D9CE,#DCC53C,#C8362A",E6F757C471D7E3B0BCD6,7,AgglomerativeClustering,https://www.nga.gov/collection/art-object-page.60784.html,183411.png
Picasso,"""Pique 1""","#2A272A,#794F40,#D6AB79",027545D0F7DECFEB0983,3,AgglomerativeClustering,https://www.nga.gov/collection/art-object-page.152206.html,183414.png
Picasso,"""Pot","#2A3B25,#39646E,#BF9749,#7A6530",FE6D9AF98BD673CCB8ED,4,AgglomerativeClustering," Glass and Book"",https://www.wikiart.org/en/pablo-picasso/pot-glass-and-book-1908",183484.png
Picasso,"""Still Life (Nature morte)""","#302C2B,#5F4B44,#726C71,#C9AC88,#A09351,#8F5A47",A121CE1625C0BD234AD6,6,AgglomerativeClustering,https://www.nga.gov/collection/art-object-page.33408.html,183413.png
Picasso,"""Still Life""","#272324,#3E3939,#484B4D,#675E56,#857C7E,#B1A696,#987350",DBEE4BFEB17DC4F2955A,7,AgglomerativeClustering,https://www.nga.gov/collection/art-object-page.46670.html,183409.png
Picasso,"""The Lovers""","#536954,#6DA0B7,#BBA0AF,#D8E2DA,#BB7A51",3AAE06F9D3484531C243,5,AgglomerativeClustering,https://www.nga.gov/collection/art-object-page.46667.html,183410.png
Picasso,"""The Young Draughtsman (Petit dessinateur)""","#5E564B,#A99487,#B9A395,#C8B29C,#D7C3AC",5B94E48650A05CBC7CEC,5,AgglomerativeClustering, https://www.nga.gov/collection/art-object-page.46897.html,183415.png
Picasso,"""The girls of Avignon""","#272118,#DCA66C,#A4653A",5D52EE3D55AF93204FBF,3,AgglomerativeClustering,https://www.wikiart.org/en/pablo-picasso/the-girls-of-avignon-1907,183482.png
Picasso,"""Three women (Rhythmical version)""","#353540,#76767E,#DDB392,#CDD6D5",835CA45A3CAC1E588779,4,AgglomerativeClustering,https://www.wikiart.org/en/pablo-picasso/three-women-rhythmical-version-1908,183485.png
Signac,"""Lighthouse at Groix""","#3B6161,#8A9C98,#E0BDA8,#D49A6B,#A06048",B9395B072FDAFB713C05,5,AgglomerativeClustering,https://www.wikiart.org/en/paul-signac/lighthouse-at-groix,183445.png
Signac,"""Port of La Rochelle""","#182C37,#485C68,#707983,#A0989A,#C0B8B3,#8F4E3F",1E57A3626606C83C06AA,6,AgglomerativeClustering,https://www.wikiart.org/en/paul-signac/port-of-la-rochelle-1921,183443.png
Signac,"""Port of Saint Tropez""","#2F212D,#5E475E,#89717F,#A59C8A,#C3B79E,#994833",A73AA5B59A267C31E182,6,AgglomerativeClustering,https://www.wikiart.org/en/paul-signac/port-of-saint-tropez,183460.png
Signac,"""Portrait of Felix Feneon""","#845E48,#A39D7F,#D8CCA4,#FCC15E,#E58557,#C66744",68C21FD74061C3E7659C,6,AgglomerativeClustering,https://www.wikiart.org/en/paul-signac/portrait-of-felix-feneon-1890,183448.png
Signac,"""River's Edge The Siene at Herblay""","#ACA1CA,#C8C4E0,#7F699F",3BC5316C48079E9BA353,3,AgglomerativeClustering,https://www.wikiart.org/en/paul-signac/river-s-edge-the-siene-at-herblay-1889,183457.png
Signac,"""Rodez""","#5E5C62,#908A83,#B7B0A4,#E7DACE,#E7BF7E",39BAABC05898DAA78EA0,5,AgglomerativeClustering,https://www.wikiart.org/en/paul-signac/rodez,183446.png
Signac,"""The Pine Tree at St. Tropez""","#4A5A57,#648DB1,#879267,#B8C4A1,#F4F2C2,#F3E06D,#CEA425",D11CFA1183ABC445D8C1,7,AgglomerativeClustering,https://www.wikiart.org/en/paul-signac/the-pine-tree-at-st-tropez-1909,183449.png
Signac,"""The Red Buoy Saint Tropez""","#7A7472,#BEAD91,#B6D7DD,#C8925D",95CB6F5ED6EC8A212004,4,AgglomerativeClustering,https://www.wikiart.org/en/paul-signac/the-red-buoy-saint-tropez-1895,183458.png
Signac,"""Women at the Well""","#454738,#8F7465,#C6C3C5,#D5BB48,#8291BD",310C9F1FB0CFBF8BB7FF,5,AgglomerativeClustering,https://www.wikiart.org/en/paul-signac/young-women-of-provence-at-the-well-1892,183447.png
Splatoon,Action vs Comedy,"#FA8E00,#1384BA,#B44AEF",DF3B1C6E9B82512FE82B,3,None,https://splatoonwiki.org/wiki/Ink,None
Splatoon,Adventure vs Relax,"#FFB600,#00967A,#4B22C8",5F2D425A167A71CBF7E2,3,None,https://splatoonwiki.org/wiki/Ink,None
Splatoon,Agility vs Endurance,"#F3B000,#F5498B,#13A715",D98409CFCD48C4293864,3,None,https://splatoonwiki.org/wiki/Ink,None
Splatoon,AllOut vs Healing,"#BC326D,#C0AE26",12F635B251E8554A9825,2,None,https://splatoonwiki.org/wiki/Ink,None
Splatoon,Autobots vs Decepticons,"#EC0B68,#461362",66A40EE442FD02E9583A,2,None,https://splatoonwiki.org/wiki/Ink,None
Splatoon,Barbarian vs Ninja,"#C54D4F,#003B89",C24070D4B4C15B11D682,2,None,https://splatoonwiki.org/wiki/Ink,None
Splatoon,Baseball vs Soccer,"#FA5A2A,#00993A,#6642D0",E67A63A103F27BCC42FF,3,None,https://splatoonwiki.org/wiki/Ink,None
Splatoon,Blue Frye,"#373DBB,#CECE28,#C920B7",D4FE73E7453F030C85C7,3,None,https://splatoonwiki.org/wiki/Ink,None
Splatoon,Blue vs DarkGreen,"#435BF3,#067E63,#E9DD14",492FA7AA8E204D9CC512,3,None,https://splatoonwiki.org/wiki/Ink,None
Splatoon,Blue vs Green,"#2922B5,#5EB604,#CA21A5",28BCD36F6968B3A78B90,3,None,https://splatoonwiki.org/wiki/Ink,None
Splatoon,Blue vs Lime,"#26229F,#91B00B,#FF7F19",79CADD4CC38290B4B1FC,3,None,https://splatoonwiki.org/wiki/Ink,None
Splatoon,Blue vs Magenta,"#1B18D7,#DD0DD3,#C6D314",46EEA4747B430EC92711,3,None,https://splatoonwiki.org/wiki/Ink,None
Splatoon,Blue vs NeonGreen,"#311AA8,#17A80D",D48FF42536196E2B3A01,2,None,https://splatoonwiki.org/wiki/Ink,None
Splatoon,Blue vs Orange,"#2E0CB5,#F86300,#FDFF00",2C83E966711A411B33EB,3,None,https://splatoonwiki.org/wiki/Ink,None
Splatoon,Blue vs Orange,"#2E0CB5,#F86300",13DD7FF4F3C5F03653E4,2,None,https://splatoonwiki.org/wiki/Ink,None
Splatoon,Blue vs Yellow,"#1A1AAE,#E38D24,#CD43A6",39A85C4D3DEAE0F81E93,3,None,https://splatoonwiki.org/wiki/Ink,None
Splatoon,Boke vs Tsukkomi,"#D64703,#127A87,#C2238F",8B633B47E4F33B17DD4C,3,None,https://splatoonwiki.org/wiki/Ink,None
Splatoon,BrightGreen vs DFuchsia,"#6ABF0B,#8C0C7F,#FFE500",3D41610A5B5A8D7A45AE,3,None,https://splatoonwiki.org/wiki/Ink,None
Splatoon,CE vs PA,"#086312,#307087,#BA0A07",EA54936C0373A8A07C9B,3,None,https://splatoonwiki.org/wiki/Ink,None
Splatoon,Callie vs Marie,"#AF16AC,#71DA0C",E87C6BAF4E02DCA96D2D,2,None,https://splatoonwiki.org/wiki/Ink,None
Splatoon,Cats vs Dogs,"#D84011,#41A782",CA0C41C9E0DF98175D74,2,None,https://splatoonwiki.org/wiki/Ink,None
Splatoon,Champion vs Challenger,"#A18E3B,#1D07AC,#F52E71",EABFF54B342B9DA3AEEA,3,None,https://splatoonwiki.org/wiki/Ink,None
Splatoon,Chaos vs Order,"#695C3B,#7F7F99,#990F2B",51842B28FB061FDF2876,3,None,https://splatoonwiki.org/wiki/Ink,None
Splatoon,Chicken vs Egg,"#EFF2EB,#FABF50,#ED2635",8F77A1CB9779CF8D1391,3,None,https://splatoonwiki.org/wiki/Ink,None
Splatoon,Chocolate vs Gokuboso,"#E70F21,#E6E6E6,#734024",A373F4A68E07D186D87E,3,None,https://splatoonwiki.org/wiki/Ink,None
Splatoon,DarkBlue vs DFuchsia,"#0D37C3,#941A88,#6BFF00",8272F82BEFAA2EBCCEFD,3,None,https://splatoonwiki.org/wiki/Ink,None
Splatoon,DarkBlue vs Orange,"#2E0CB5,#F86300,#FDFF00",97BF9DAA739BF6246D3D,3,None,https://splatoonwiki.org/wiki/Ink,None
Splatoon,DarkBlue vs Orange,"#4A14AA,#FB5C03",F389F2FB3A0CE8A036A3,2,None,https://splatoonwiki.org/wiki/Ink,None
Splatoon,DarkBlue vs Yellow,"#0D195E,#B97E1A,#FF5937",F3AB08AC7F03C607F367,3,None,https://splatoonwiki.org/wiki/Ink,None
Splatoon,DarkChocolate vs MilkChocolate vs WhiteChocolate,"#3D1F7A,#995935,#D6BF8F,#FF0",ED8D2CB9A872CA8D7C39,4,None,https://splatoonwiki.org/wiki/Ink,None
Splatoon,DarkFuchsia vs Yellow,"#A5267F,#FFE500",F054D3B2C520ABF41DF0,2,None,https://splatoonwiki.org/wiki/Ink,None
Splatoon,DarkYellow vs DFuchsia,"#FBD704,#8C0C7F,#1BC3D8",14F5FF73ED6F6414AB82,3,None,https://splatoonwiki.org/wiki/Ink,None
Splatoon,EatIt vs SaveIt,"#C42138,#A6AD8C,#6363D6",51299627025430C70FF8,3,None,https://splatoonwiki.org/wiki/Ink,None
Splatoon,Family vs Friend #7D5C26,"#82878F,#C21405",6616F38F42216A9D5023,2,None,https://splatoonwiki.org/wiki/Ink,None
Splatoon,Film vs Book,"#9030FF,#14B8A0,#EEC70E",5F649F8B1932DC687D50,3,None,https://splatoonwiki.org/wiki/Ink,None
Splatoon,Flight vs Invincibility,"#4F55ED,#6BD52C,#ED1D9A",0822A19F6BA5EDB22982,3,None,https://splatoonwiki.org/wiki/Ink,None
Splatoon,Flower vs Dumpling,"#FF8787,#7EC27A,#ECE8B1",4B4305ADC441289A17ED,3,None,https://splatoonwiki.org/wiki/Ink,None
Splatoon,Fork vs Spoon,"#E36D60,#2FB89A,#EBCD62",F9EE4BF6A450657E9761,3,None,https://splatoonwiki.org/wiki/Ink,None
Splatoon,Friends vs Family vs Solo,"#5378DE,#CB8719,#D9BBA9,#D53840",09A31E85EECCD52DF28D,4,None,https://splatoonwiki.org/wiki/Ink,None
Splatoon,Fries vs Nuggets,"#E8540A,#6A3BE0,#FFCA0E",B5265E4CDD3DEE59EB53,3,None,https://splatoonwiki.org/wiki/Ink,None
Splatoon,FrontRoll vs BackRoll,"#FF7D9A,#00A0B0,#E4E567",FFB183F8F72E5F8F72A0,3,None,https://splatoonwiki.org/wiki/Ink,None
Splatoon,GYellow vs EBlue,"#DEA801,#4717A9",FB60041FA8283F25C64F,2,None,https://splatoonwiki.org/wiki/Ink,None
Splatoon,Gear vs Grub vs Fun,"#8A19F7,#BE7118,#28C05E,#3F2CD2",CA1FB0070DD5042E905A,4,None,https://splatoonwiki.org/wiki/Ink,None
Splatoon,Gherk-Out vs Gherk-In,"#B14A8D,#83C91A,#0FBA9D",91ACFBCABB24117BF0B1,3,None,https://splatoonwiki.org/wiki/Ink,None
Splatoon,Grape vs Turquoise,"#5F0FB4,#08B672",47FAB00AE4420FD8FF12,2,None,https://splatoonwiki.org/wiki/Ink,None
Splatoon,Grape vs Turquoise,"#5F0FB4,#08B672,#D9C100",47FAB00AE4420FD8FF12,3,None,https://splatoonwiki.org/wiki/Ink,None
Splatoon,Grass vs Fire vs Water,"#1BA974,#DA4514,#002AFF,#FF0",D6EBDF1105DF148D2142,4,None,https://splatoonwiki.org/wiki/Ink,None
Splatoon,Green vs Blue,"#51C71B,#2120CC,#C920B7",6B8B21A2E881DDD32077,3,None,https://splatoonwiki.org/wiki/Ink,None
Splatoon,Green vs DFuchsia,"#8EBB1A,#8C0C7F,#FFE500",529C86FC9C7B1C9AA1A1,3,None,https://splatoonwiki.org/wiki/Ink,None
Splatoon,Green vs Fuchsia,"#17A80D,#D645C8,#D9C100",6D93136EA918CA30439E,3,None,https://splatoonwiki.org/wiki/Ink,None
Splatoon,Green vs Magenta,"#79B726,#A52B85,#ECC50A",1A4C6321A77736247E16,3,None,https://splatoonwiki.org/wiki/Ink,None
Splatoon,Green vs Orange,"#319471,#BF3E24,#B986ED",2E533060D085B891B61B,3,None,https://splatoonwiki.org/wiki/Ink,None
Splatoon,Green vs Purple,"#799516,#6E068A,#118991",AC056927C003715B271B,3,None,https://splatoonwiki.org/wiki/Ink,None
Splatoon,Handshake vs Fistbump vs Hug,"#B02A57,#C58650,#97C22A,#A7FFD3",FEFE9E81E34218D73199,4,None,https://splatoonwiki.org/wiki/Ink,None
Splatoon,Hare vs Tortoise,"#E869BF,#8ACF47,#17CFDE",B45EB5DD115010C42713,3,None,https://splatoonwiki.org/wiki/Ink,None
Splatoon,Hero vs Villain,"#ED2403,#4517D1,#D1D1D1",BB272679423465FB74C2,3,None,https://splatoonwiki.org/wiki/Ink,None
Splatoon,Hoverboard vs Jetpack,"#59BE9C,#E75A2D",730B766940EE15C39BF0,2,None,https://splatoonwiki.org/wiki/Ink,None
Splatoon,InnerWear vs OuterWear,"#FF7536,#9090BA,#DC1C1E",0DEC0146DE64F9CB676E,3,None,https://splatoonwiki.org/wiki/Ink,None
Splatoon,Kid vs GrownUp,"#308766,#523B40,#D1ED73",C5BD1DBC8B6970F4C0D1,3,None,https://splatoonwiki.org/wiki/Ink,None
Splatoon,Knight vs Wizard,"#788C87,#6B0A29,#A67308",19DB634EB9F666078FBE,3,None,https://splatoonwiki.org/wiki/Ink,None
Splatoon,Lemon vs NoLemon,"#BEE600,#C52ADB,#00B278",3FCE6A7FC0A6FEA8A61F,3,None,https://splatoonwiki.org/wiki/Ink,None
Splatoon,Lemon vs Plum,"#BBC905,#830B9C",2411C1F037C6243A804A,2,None,https://splatoonwiki.org/wiki/Ink,None
Splatoon,LemonTea vs MilkTea,"#E59D0D,#E1D6B6",16EF1A85292604029B48,2,None,https://splatoonwiki.org/wiki/Ink,None
Splatoon,LightBlue vs Blue,"#14BBE7,#285EEA,#C920B7",6CA0872816946ABA1B84,3,None,https://splatoonwiki.org/wiki/Ink,None
Splatoon,LightBlue vs Fuchsia,"#03C1CD,#D645C8,#D9C100",998A82072AB950262ACA,3,None,https://splatoonwiki.org/wiki/Ink,None
Splatoon,LightBlue vs Orange,"#228CFF,#E85407,#EFF66E",173E18E5B7D20B4377CC,3,None,https://splatoonwiki.org/wiki/Ink,None
Splatoon,LightBlue vs Yellow,"#007EDC,#E1A307,#D01D79",EFDCBB6C469AA4EC081C,3,None,https://splatoonwiki.org/wiki/Ink,None
Splatoon,LightPink vs Blue,"#D60E6E,#311AA8",2D80ACD7138F12FCAAF3,2,None,https://splatoonwiki.org/wiki/Ink,None
Splatoon,Lilac vs DFuchsia,"#525CF5,#8C0C7F,#FFE500",F2E8854A9D7E567A13DA,3,None,https://splatoonwiki.org/wiki/Ink,None
Splatoon,Lime Shiver,"#BAD421,#1021BE,#A714D4",88A88345932665ADCAD4,3,None,https://splatoonwiki.org/wiki/Ink,None
Splatoon,LimeGreen vs Purple,"#BECD41,#6325CD,#31C4A9",640998AC56C5303A5963,3,None,https://splatoonwiki.org/wiki/Ink,None
Splatoon,Lock: Yellow vs Blue,"#CABA21,#502EBA,#B62AA7",6D1FCC5177204BDF5F94,3,None,https://splatoonwiki.org/wiki/Ink,None
Splatoon,Lock: Yellow vs Blue,"#D6CD25,#531BBA,#C920B7",6D1FCC5177204BDF5F94,3,None,https://splatoonwiki.org/wiki/Ink,None
Splatoon,Lock: Yellow vs DarkTeal,"#DDD112,#047B8B,#ED12E4",99744109973828BC820C,3,None,https://splatoonwiki.org/wiki/Ink,None
Splatoon,Lock: Yellow vs LightBlue,"#BDBA14,#4E85C1,#4828AB,#B0C444",4CD3CAC1FDC3B996C8C0,4,None,https://splatoonwiki.org/wiki/Ink,None
Splatoon,LumiGreen vs Blue,"#8CE47F,#3D59DE,#FFA427",C08EC55EAD44267EE031,3,None,https://splatoonwiki.org/wiki/Ink,None
Splatoon,LumiGreen vs DFuchsia,"#2D9314,#8C0C7F,#005BFF",166602AF5646F3902EDF,3,None,https://splatoonwiki.org/wiki/Ink,None
Splatoon,Lumigreen vs Purple,"#60AB43,#891A7F,#FFB500",1B7435B857BC88987FA6,3,None,https://splatoonwiki.org/wiki/Ink,None
Splatoon,Marigold vs Fucshia,"#EEAA05,#8C0C7F,#17774F",5A5ED278F0CB18881BE2,3,None,https://splatoonwiki.org/wiki/Ink,None
Splatoon,Marshmallow vs HotDog,"#CE334F,#008006,#FFE80A",855194AEAF4FFC6A0012,3,None,https://splatoonwiki.org/wiki/Ink,None
Splatoon,Mayo vs Ketchup,"#FFE99B,#FB321E,#1BB026",D0108ED95ACFD52BA79C,3,None,https://splatoonwiki.org/wiki/Ink,None
Splatoon,Messy vs Tidy,"#ED7004,#0037B8",016E01B8F9C1494153C9,2,None,https://splatoonwiki.org/wiki/Ink,None
Splatoon,Money vs Fame vs Love,"#C8752D,#73BD49,#BB497B,#5998FF",CFBB271B428AA649B72F,4,None,https://splatoonwiki.org/wiki/Ink,None
Splatoon,Money vs Love,"#FFD624,#FC6D75,#5451EC",A325300C479FE55DD982,3,None,https://splatoonwiki.org/wiki/Ink,None
Splatoon,MothGreen vs DFuchsia,"#425113,#8C0C7F,#FFE500",8604B055AEAABD53F346,3,None,https://splatoonwiki.org/wiki/Ink,None
Splatoon,Mountain vs Village,"#FFCE0C,#058F00,#E24FE5",17C9E7A6CE27CBF69DCC,3,None,https://splatoonwiki.org/wiki/Ink,None
Splatoon,Mushroom vs Star,"#CC1F1F,#B3A10D,#0D40DE",8F35537FF58CAB006674,3,None,https://splatoonwiki.org/wiki/Ink,None
Splatoon,Mustard vs Purple,"#CE8003,#9208B2,#1AB46A",1D65C4D7A7CE48CB3196,3,None,https://splatoonwiki.org/wiki/Ink,None
Splatoon,Naughty vs Nice,"#CF3350,#008040",6000C20AD2A9D89F8317,2,None,https://splatoonwiki.org/wiki/Ink,None
Splatoon,Nessie vs Aliens vs BigFoot,"#118F32,#793199,#A1482B,#0935A6",6C357616C741D808C409,4,None,https://splatoonwiki.org/wiki/Ink,None
Splatoon,Newest vs Popular,"#059E9C,#C1CC47,#E2E2E2",94BF4C1E24E8895A1F07,3,None,https://splatoonwiki.org/wiki/Ink,None
Splatoon,NightLumiGreen vs DFuchsia,"#09950B,#8C0C7F,#005BFF",A33794B51D377EAFA695,3,None,https://splatoonwiki.org/wiki/Ink,None
Splatoon,NightMarigold vs Fucshia,"#D88602,#5C0A61,#05E7CE",4E3BD1D28BFC815D1E61,3,None,https://splatoonwiki.org/wiki/Ink,None
Splatoon,NightPink vs NightGreen,"#CF0466,#17A80D",C866197AE934BFB1E486,2,None,https://splatoonwiki.org/wiki/Ink,None
Splatoon,NoPineapple vs Pineapple,"#4A2126,#ABB012,#0A6E17",FC6CFA2B61A8CF2229EF,3,None,https://splatoonwiki.org/wiki/Ink,None
Splatoon,NorthPole vs SouthPole,"#801AB3,#03C1CD,#E6B30D",64CCEF6031487DE62A9A,3,None,https://splatoonwiki.org/wiki/Ink,None
Splatoon,Orange BigMan,"#E1772B,#2DD9B6,#2E14D4",C2BE9B94FF73E1A02969,3,None,https://splatoonwiki.org/wiki/Ink,None
Splatoon,Orange vs Blue,"#CF581B,#141494,#FF0",14A29B68A35F7A4B39B7,3,None,https://splatoonwiki.org/wiki/Ink,None
Splatoon,Orange vs Blue,"#DE6624,#343BC4,#CDCD34",9F248E78A8BD552B57B6,3,None,https://splatoonwiki.org/wiki/Ink,None
Splatoon,Orange vs Blue,"#EE8711,#0943F0,#81DE17",9F248E78A8BD552B57B6,3,None,https://splatoonwiki.org/wiki/Ink,None
Splatoon,Orange vs DarkGreen,"#C44B21,#098264,#DCE317",04125237AA6265A6F931,3,None,https://splatoonwiki.org/wiki/Ink,None
Splatoon,Orange vs DarkGreen,"#C95431,#03644B,#E7E710",04125237AA6265A6F931,3,None,https://splatoonwiki.org/wiki/Ink,None
Splatoon,Orange vs Fuchsia,"#FF6C00,#6C0676,#FFE500",8007152DA4EAE3089D00,3,None,https://splatoonwiki.org/wiki/Ink,None
Splatoon,Orange vs Green,"#FB5C03,#17A80D",EC62DFEC00EB979AB575,2,None,https://splatoonwiki.org/wiki/Ink,None
Splatoon,Orange vs Purple,"#CD510A,#6E04B6,#94C921",4540348C5E370F9A789D,3,None,https://splatoonwiki.org/wiki/Ink,None
Splatoon,Pancake vs Waffle,"#D4B873,#4545AB,#E64D73",196F5756E7C4616886EA,3,None,https://splatoonwiki.org/wiki/Ink,None
Splatoon,Past vs Future,"#009A82,#A34C3B",6B047A2077ADD867C25F,2,None,https://splatoonwiki.org/wiki/Ink,None
Splatoon,Peach vs Turquoise,"#FF8787,#08B672,#D9C100",9F04310CA7FECB3C52AE,3,None,https://splatoonwiki.org/wiki/Ink,None
Splatoon,PerfectBody vs PerfectBrain,"#32A200,#F9891B",76B6245E06D23053FCD6,2,None,https://splatoonwiki.org/wiki/Ink,None
Splatoon,Pink vs Green,"#C83D79,#409D3B,#2BDCED",F19A02C5AA8F65DA3176,3,None,https://splatoonwiki.org/wiki/Ink,None
Splatoon,Pink vs Green,"#C12D74,#2CB721,#3A28C4",0B9AD58A000AFAA2C1CA,3,None,https://splatoonwiki.org/wiki/Ink,None
Splatoon,Pink vs LightBlue,"#CB0856,#0199B8",2EAB78DA9AF2BDB41124,2,None,https://splatoonwiki.org/wiki/Ink,None
Splatoon,Pink vs NeonGreen,"#CB0856,#17A80D",FB72093E5ED76FF310F2,2,None,https://splatoonwiki.org/wiki/Ink,None
Splatoon,Pink vs Orange,"#DA3781,#ED9408,#A577FF",F2B84BF71514048816BE,3,None,https://splatoonwiki.org/wiki/Ink,None
Splatoon,Pink vs Teal,"#C64184,#0D6E74,#E3D704",429B06A417B5B666EB96,3,None,https://splatoonwiki.org/wiki/Ink,None
Splatoon,Pink vs Turquoise,"#C93457,#048188,#890B5D",3769567070AAA69B81BB,3,None,https://splatoonwiki.org/wiki/Ink,None
Splatoon,Pink vs Turquoise,"#CB0856,#08B672,#D9C100",1ED1310F095879E97314,3,None,https://splatoonwiki.org/wiki/Ink,None
Splatoon,Pirates vs Ninjas,"#4F9E00,#7D26B5",9329171330D8421EC3D7,2,None,https://splatoonwiki.org/wiki/Ink,None
Splatoon,PokeRed vs PokeBlue,"#BF586B,#003DA2",AD8608C28057F66FC73D,2,None,https://splatoonwiki.org/wiki/Ink,None
Splatoon,PokeRed vs PokeGreen,"#BF586B,#009A6E",4CDC799C850154DECF68,2,None,https://splatoonwiki.org/wiki/Ink,None
Splatoon,Power vs Wisdom vs Courage,"#AB2A5C,#488DB5,#03A65F,#BA8500",F5B8E1AC09E4612E323A,4,None,https://splatoonwiki.org/wiki/Ink,None
Splatoon,Pulp vs NoPulp,"#EE8122,#2FCF46,#42D0EA",5BD3BD81C7D0B40FD4E3,3,None,https://splatoonwiki.org/wiki/Ink,None
Splatoon,Purple vs DarkGreen,"#9361EA,#0A7A5E,#D3DD1E",3BA125189E1E1C7DE6A3,3,None,https://splatoonwiki.org/wiki/Ink,None
Splatoon,RPurple vs Gapple,"#7B0393,#43BA05,#DB7821",F5E6D2D65E4E0AC310C1,3,None,https://splatoonwiki.org/wiki/Ink,None
Splatoon,Raspberry vs NYellow,"#DE0B64,#BFD002",B7F5BE50018DE9649A56,2,None,https://splatoonwiki.org/wiki/Ink,None
Splatoon,Retro vs Modern,"#6B4221,#596666,#0118E3",3F4B7C2ACADD1E92E836,3,None,https://splatoonwiki.org/wiki/Ink,None
Splatoon,Rock vs Papers vs Scissors,"#413BBA,#BEB013,#C03E3E,#35BA49",F3151DE6DD9008597DC1,4,None,https://splatoonwiki.org/wiki/Ink,None
Splatoon,Rollercoaster vs WaterSlide,"#3BC335,#B400FF",AE2FE9B0F6CBDE5B26A4,2,None,https://splatoonwiki.org/wiki/Ink,None
Splatoon,Salsa vs Guac,"#801A00,#757A2B,#D4C2B5",DC01D9F29CF7425329B1,3,None,https://splatoonwiki.org/wiki/Ink,None
Splatoon,Salty vs Sweet,"#B1DBD1,#E29440,#D94C79",F080F0BB83724F720D81,3,None,https://splatoonwiki.org/wiki/Ink,None
Splatoon,SciFi vs Fantasy,"#1FAFE8,#8BFF06,#FD636A",D5A8ED86AAB1AC739997,3,None,https://splatoonwiki.org/wiki/Ink,None
Splatoon,Shiver vs Frye vs BigMan,"#253FC5,#D3B113,#D80501,#6DDA25",198A3076BA461E889788,4,None,https://splatoonwiki.org/wiki/Ink,None
Splatoon,Sky vs Gold,"#007EDC,#E1A307",DE903CF57DF0F71B517A,2,None,https://splatoonwiki.org/wiki/Ink,None
Splatoon,Snowmen vs SandCastle,"#0EB6A7,#FAB01D",CC274C630B1D67FF2133,2,None,https://splatoonwiki.org/wiki/Ink,None
Splatoon,Soda vs DFuchsia,"#8EDBB8,#8C0C7F,#FFE500",A6EA08388E98D2074783,3,None,https://splatoonwiki.org/wiki/Ink,None
Splatoon,Soda vs Magenta,"#AEF4F0,#DD0DD3,#C6D314",4403BDBBC78E7FE88E07,3,None,https://splatoonwiki.org/wiki/Ink,None
Splatoon,Soda vs Purple,"#65B799,#9736B2,#8ED11E",24592C0F447333EB8C61,3,None,https://splatoonwiki.org/wiki/Ink,None
Splatoon,SodaGree vs Purple,"#25B100,#571DB1,#CD2D7E",4747D11287F7FAA6E0FE,3,None,https://splatoonwiki.org/wiki/Ink,None
Splatoon,SodaYellow vs Green,"#DDA024,#098264,#E114C3",06285AD62C33EED2FB84,3,None,https://splatoonwiki.org/wiki/Ink,None
Splatoon,Spicy vs Sweet vs Sour,"#AD5438,#9A6FCC,#A5B533,#00A2E8",8AF43FC3995B73C3D748,4,None,https://splatoonwiki.org/wiki/Ink,None
Splatoon,Spongebob vs Patrick,"#DCA41D,#E95F9A",9F376A76EE0F7B51465F,2,None,https://splatoonwiki.org/wiki/Ink,None
Splatoon,Squid vs Octopus,"#50D525,#E900D2,#4B22C8",E559A01C944957063BCB,3,None,https://splatoonwiki.org/wiki/Ink,None
Splatoon,Sweater vs Socks,"#C4354D,#0D8B51,#CACACA",C208D3C9D977F3596243,3,None,https://splatoonwiki.org/wiki/Ink,None
Splatoon,Teal vs Purple vs Orange,"#1BA974,#98039B,#C75304,#C70864",343F5844D8A289281E57,4,None,https://splatoonwiki.org/wiki/Ink,None
Splatoon,TimeTravel vs Teleportation,"#695240,#14247F,#CFD1C7",B207727B1A88AE6A9B77,3,None,https://splatoonwiki.org/wiki/Ink,None
Splatoon,Trick vs Treat,"#EC7125,#8805CC,#4EE69F",12C0ADDBF168854B0BFE,3,None,https://splatoonwiki.org/wiki/Ink,None
Splatoon,Tsubuan vs Koshian,"#655A99,#88214D,#78D04F",06A74C4870710A5BAB59,3,None,https://splatoonwiki.org/wiki/Ink,None
Splatoon,TunaMayo vs RedSalmon,"#38C8D0,#E56F87",AA92E4A7EA9E5D859CF5,2,None,https://splatoonwiki.org/wiki/Ink,None
Splatoon,Turquoise vs DFuchsia,"#0DA182,#8C0C7F,#FFE500",FA4C9889AA7D746F8A90,3,None,https://splatoonwiki.org/wiki/Ink,None
Splatoon,Turquoise vs Orange,"#20837D,#DF641A,#AD7710",2B84EABB331ABCCBF3AB,3,None,https://splatoonwiki.org/wiki/Ink,None
Splatoon,Turquoise vs Pink,"#1BBEAB,#C43A6E,#4E4EDD",4790CEADD268F8B4DE75,3,None,https://splatoonwiki.org/wiki/Ink,None
Splatoon,Turquoise vs Pumpkin,"#0CAE6E,#F75900,#6A1EC1",5C0C643A3BBBEF485C09,3,None,https://splatoonwiki.org/wiki/Ink,None
Splatoon,Turquoise vs Red,"#1BBEAB,#D74B31,#0D0DDC",29102FA01D7D74C37D0E,3,None,https://splatoonwiki.org/wiki/Ink,None
Splatoon,Unicorn vs Narwal,"#6B87BF,#AB66B8,#D1ED73",4904E9221A8AB255315A,3,None,https://splatoonwiki.org/wiki/Ink,None
Splatoon,UniqueCreature vs AdvancedTechnology,"#FF6D40,#38377A,#F1E61C",DA091B51A5CD9C64308E,3,None,https://splatoonwiki.org/wiki/Ink,None
Splatoon,Vampire vs Werewolf,"#6735AF,#FE6829,#00CA0E",8A0CFEC8828B8CD385A4,3,None,https://splatoonwiki.org/wiki/Ink,None
Splatoon,Vanilla vs Strawberry vs Mint,"#CCA770,#BC6D75,#2AC29E,#ADFF6B",7F6DC2D74CF1992B94A8,4,None,https://splatoonwiki.org/wiki/Ink,None
Splatoon,WGreen vs DarkMagenta,"#03B362,#B1008D,#A8B700",27EFD37566D929E98EAA,3,None,https://splatoonwiki.org/wiki/Ink,None
Splatoon,WYellow vs WBlue,"#DACD12,#4B25C9,#B62EA7",00A592F606B7D04F3328,3,None,https://splatoonwiki.org/wiki/Ink,None
Splatoon,WarmBreakfast vs ColdBreakfast,"#FF5E17,#00A39A,#EDD926",3C8D4F78DCC2F8CBBD0F,3,None,https://splatoonwiki.org/wiki/Ink,None
Splatoon,WorldTour vs SpaceAdventure,"#88AF45,#014BD0",C04327FEF612AC2C6D09,2,None,https://splatoonwiki.org/wiki/Ink,None
Splatoon,Yellow vs Blue,"#D0BE08,#3A0CCD,#B62EA7",B6400F15AB6234172D04,3,None,https://splatoonwiki.org/wiki/Ink,None
Splatoon,Yellow vs DFuchsia,"#FBD704,#8C0C7F,#1BC3D8",FD31D6F83EBDAF17FD46,3,None,https://splatoonwiki.org/wiki/Ink,None
Splatoon,Yellow vs Fuchsia,"#D9C100,#D645C8,#17A80D",E30FD9B6B092D7330D10,3,None,https://splatoonwiki.org/wiki/Ink,None
Splatoon,Yellow vs Green,"#B4D933,#098A71,#D611E0",46246C8464DDEF36927E,3,None,https://splatoonwiki.org/wiki/Ink,None
Splatoon,Yellow vs Indigo,"#DEC109,#531BBA,#C920B7",FC58D4A01CF7902CDA6D,3,None,https://splatoonwiki.org/wiki/Ink,None
Splatoon,Yellow vs Lilac,"#DD9016,#4D24A3,#A1E896",AF3D305D09AF23EAC445,3,None,https://splatoonwiki.org/wiki/Ink,None
Splatoon,Yellow vs Purple,"#CEB121,#9025C6,#5DAB21",057F0C833BBCED1ADF87,3,None,https://splatoonwiki.org/wiki/Ink,None
Splatoon,Yellow vs TealBlue,"#D9C100,#007AC9,#ED580B",9CABF9E7C33D53A9D922,3,None,https://splatoonwiki.org/wiki/Ink,None
Splatoon,Zombie vs Skeleton vs Ghost,"#0CA34B,#B04F23,#964996,#BFED1C",C922D3B68674236BD341,4,None,https://splatoonwiki.org/wiki/Ink,None
UmbertoBoccioni,"""Landscape (mountains)""","#291D15,#5B4623,#90745D,#DCB9BD",474136960F2DF50A2736,4,AgglomerativeClustering,https://www.wikiart.org/en/umberto-boccioni/landscape-mountains-1916,183479.png
UmbertoBoccioni,"""Plastic Dynamism: Horse+House""","#ECAF7C,#E08851,#C65932,#98341E,#592116",04A6CE17D752B5B2E721,5,AgglomerativeClustering,https://www.wikiart.org/en/umberto-boccioni/plastic-dynamism-horse-house-1914,183478.png
UmbertoBoccioni,"""Simultaneous Visions""","#57687A,#D9B88B,#C16B30,#603223",70880BF888E5CD9A20F1,4,AgglomerativeClustering,https://www.wikiart.org/en/umberto-boccioni/simultaneous-visions-1912,183474.png
UmbertoBoccioni,"""The Street Enters the House""","#80606E,#9790B1,#CDBEB0,#CA862D,#68391E",EA0EB8359CC555F71E20,5,AgglomerativeClustering,https://www.wikiart.org/en/umberto-boccioni/the-street-enters-the-house-1911-1,183476.png
UmbertoBoccioni,"""The Street Pavers""","#20141A,#663831,#896968,#C1A4A1,#C77A48",44EE9675E6A6FDF75406,5,AgglomerativeClustering,https://www.wikiart.org/en/umberto-boccioni/the-street-pavers-1914,183475.png
UmbertoBoccioni,"""Under the Pergola at Naples""","#364868,#74768E,#B98781,#C0ABB4,#975151",8EB7EFBD25B73CE46087,5,AgglomerativeClustering,https://www.wikiart.org/en/umberto-boccioni/under-the-pergola-at-naples-1914,183477.png
VanGogh,"""Bulb Fields""","#271B13,#C1B98B,#AAA16E,#765E38",EC19AA8DF7FC34FBA246,4,AgglomerativeClustering,https://www.wikiart.org/en/vincent-van-gogh/bulb-fields-1883,183462.png
VanGogh,"""Entrance to the Moulin de la Galette""","#271B13,#67512F,#C1B98B,#AAA16E,#896942",398594C27830CDE127E8,5,AgglomerativeClustering,https://www.wikiart.org/en/vincent-van-gogh/entrance-to-the-moulin-de-la-galette-1887,183462.png
VanGogh,"""Self-Portrait""","#195268,#3E7E8D,#B7BA7E,#8D7F29",0E635CAFABEA9D65D240,4,AgglomerativeClustering,https://www.nga.gov/collection/art-object-page.106382.html,self-portrait_1998.74.5.jpg
VanGogh,"""Starry Night""","#191D1C,#2B3648,#546F90,#74898F,#A1A992,#374D7A",9B381C78A14EF84DA14C,6,AgglomerativeClustering,https://www.wikiart.org/en/vincent-van-gogh/the-starry-night-1889,183461.png
Warhol,"""Flowers""","#2A3219,#8BCFD0,#FF9293,#7CA33B,#A54E91",4A99CCAC4382E886AF03,5,AgglomerativeClustering,https://www.nga.gov/collection/art-object-page.144934.html,183385.png
Warhol,"""Portraits of the Artists""","#191E1C,#4D3417,#0F544C,#558070,#BDB1AB,#F2F2F2,#A17A1F",4813F188B626AA278E1E,7,AgglomerativeClustering,https://www.nga.gov/collection/art-object-page.136329.html,183384.png
chipdelmal,Maps,"#75393E,#58586B,#9BBFCE,#F0E6D9,#FAF9F9",50B5EF4C1FA7176BFAA2,5,None,https://chipdelmal.github.io/,None
chipdelmal,Motherland,"#F72585,#2614ED,#5DDEB1,#F038FF,#E2EF70,#9381FF",55337043132A3AD872D7,6,None,https://chipdelmal.github.io/,None
chipdelmal,Muted,"#02AD9A,#B36FA0,#E16D5D,#E84E73,#C8C4E4,#89C074,#6F566B,#FF9293,#1541AE,#9DB4AF",A76B606323F453C37FC6,10,None,https://chipdelmal.github.io/,None
chipdelmal,Pastel,"#A0C4FF,#E0C3FC,#FFD6A5,#CAFFBF,#D0D1FF",EF69F32ECABBBA994F39,5,None,https://chipdelmal.github.io/,None
coolors,Blue-Brown,"#9381FF,#B8B8FF,#F8F7FF,#FED,#FFD8BE",73E965B0E644BA4427A1,5,None,https://coolors.co/palette/9381ff-b8b8ff-f8f7ff-ffeedd-ffd8be,None
coolors,Blue-Pink,"#2D00F7,#6A00F4,#8900F2,#A100F2,#B100E8,#BC00DD,#D100D1,#DB00B6,#E500A4,#F20089",166EA4EC4BC2A8592EB1,10,None,https://coolors.co/palette/2d00f7-6a00f4-8900f2-a100f2-b100e8-bc00dd-d100d1-db00b6-e500a4-f20089,None
coolors,Blues,"#0A369D,#4472CA,#5E7CE2,#92B4F4,#CFDEE7",C945CDEA9050AC581A03,5,None,https://coolors.co/palette/0a369d-4472ca-5e7ce2-92b4f4-cfdee7,None
coolors,Divergent,"#0FA3B1,#B5E2FA,#F9F7F3,#EDDEA4,#F7A072",74C64062DA28140FCD21,5,None,https://coolors.co/0fa3b1-b5e2fa-f9f7f3-eddea4-f7a072,None
coolors,Pastel,"#D8E2DC,#FFE5D9,#FFCAD4,#F4ACB7,#9D8189",EA8FA562E72404DCD56D,5,None,https://coolors.co/palette/d8e2dc-ffe5d9-ffcad4-f4acb7-9d8189,None
coolors,Pink-Blue,"#FF499E,#D264B6,#A480CF,#779BE7,#49B6FF",CF85BE8342E9BDA5CF59,5,None,https://coolors.co/palette/ff499e-d264b6-a480cf-779be7-49b6ff,None
coolors,Wine,"#FFCDB2,#FFB4A2,#E5989B,#B5838D,#6D6875",111D7E0E6C7ED8EDB41F,5,None,https://coolors.co/palette/ffcdb2-ffb4a2-e5989b-b5838d-6d6875,None
lospec,Blessing,"#74569B,#96FBC7,#F7FFAE,#FFB3CB,#D8BFD8",EF25353485DA196E4155,5,None,https://lospec.com/palette-list/blessing,None
lospec,Heptarainbow,"#47346A,#667B9D,#97BFB5,#EEEDDA,#CCB5A7,#B57E8F,#914C89",D99B0E9E9618D1C6C926,7,None,https://lospec.com/palette-list/heptarainbow,None
lospec,Lost Century,"#D1B187,#C77B58,#AE5D40,#79444A,#4B3D44,#BA9158,#927441,#4D4539,#77743B,#B3A555,#D2C9A5,#8CABA1,#4B726E,#574852,#847875,#AB9B8E",FA73E035AF7F005EDEAA,16,None,https://lospec.com/palette-list/lost-century,None
lospec,Midnight Ablaze,"#FF8274,#D53C6A,#7C183C,#460E2B,#31051E,#1F0510,#130208",55F35F10E2A8C90B8C97,7,None,https://lospec.com/palette-list/midnight-ablaze,None
lospec,Midnight Glow,"#160729,#171856,#243771,#416E8F,#DBF3F1",E7E4233EB4AED57A5550,5,None,https://lospec.com/palette-list/midnight-glow,None
lospec,Pear36,"#5E315B,#8C3F5D,#BA6156,#F2A65E,#FFE478,#CFFF70,#8FDE5D,#3CA370,#3D6E70,#323E4F,#322947,#473B78,#4B5BAB,#4DA6FF,#66FFE3,#FFFFEB,#C2C2D1,#7E7E8F,#606070,#43434F,#272736,#3E2347,#57294B,#964253,#E36956,#FFB570,#FF9166,#EB564B,#B0305C,#73275C,#422445,#5A265E,#80366B,#BD4882,#FF6B97,#FFB5B5",BA7F57BC20D3A5CA1257,36,None,https://lospec.com/palette-list/pear36,None
lospec,Raspberry,"#1D001C,#FFFFE3,#E06B88,#E28B7A",DDF639190565D6A52166,4,None,https://lospec.com/palette-list/raspberry,None
lospec,Sweetie16,"#1A1C2C,#5D275D,#B13E53,#EF7D57,#FFCD75,#A7F070,#38B764,#257179,#29366F,#3B5DC9,#41A6F6,#73EFF7,#F4F4F4,#94B0C2,#566C86,#333C57",464B9E1AFCA5032A9E39,16,None,https://lospec.com/palette-list/sweetie-16,None
lospec,Tiny Folks,"#FFF,#8B956D,#4D533C,#303329,#1F1F1F",ADC10E590543CFC0D99D,5,None,https://lospec.com/palette-list/tinyfolks,None
lospec,Twilight 5,"#FBBBAD,#EE8695,#4A7A96,#333F58,#292831",4FF79C407AB602B06581,5,None,https://lospec.com/palette-list/twilight-5,None
lospec,sloslo8,"#0D2B45,#203C56,#544E68,#8D697A,#D08159,#FFAA5E,#FFD4A3,#FFECD6",65B0B5BC5A2657D832D3,8,None,https://lospec.com/palette-list/slso8,None
